Copyright 1986-2022 Xilinx, Inc. All Rights Reserved. Copyright 2022-2025 Advanced Micro Devices, Inc. All Rights Reserved.
---------------------------------------------------------------------------------------------------------------------------------------------------------------------------------------------------------------------------
| Tool Version : Vivado v.2025.2 (win64) Build 6299465 Fri Nov 14 19:35:11 GMT 2025
| Date         : Mon May 18 22:15:29 2026
| Host         : CE-LAB6909 running 64-bit major release  (build 9200)
| Command      : report_timing_summary -max_paths 10 -routable_nets -report_unconstrained -file nrz_i_timing_summary_routed.rpt -pb nrz_i_timing_summary_routed.pb -rpx nrz_i_timing_summary_routed.rpx -warn_on_violation
| Design       : nrz_i
| Device       : 7a35t-cpg236
| Speed File   : -1  PRODUCTION 1.23 2018-06-13
| Design State : Routed
---------------------------------------------------------------------------------------------------------------------------------------------------------------------------------------------------------------------------

Timing Summary Report

------------------------------------------------------------------------------------------------
| Timer Settings
| --------------
------------------------------------------------------------------------------------------------

  Enable Multi Corner Analysis               :  Yes
  Enable Pessimism Removal                   :  Yes
  Pessimism Removal Resolution               :  Nearest Common Node
  Enable Input Delay Default Clock           :  No
  Enable Preset / Clear Arcs                 :  No
  Disable Flight Delays                      :  No
  Ignore I/O Paths                           :  No
  Timing Early Launch at Borrowing Latches   :  No
  Borrow Time for Max Delay Exceptions       :  Yes
  Merge Timing Exceptions                    :  Yes
  Inter-SLR Compensation                     :  Conservative

  Corner  Analyze    Analyze    
  Name    Max Paths  Min Paths  
  ------  ---------  ---------  
  Slow    Yes        Yes        
  Fast    Yes        Yes        


------------------------------------------------------------------------------------------------
| Report Methodology
| ------------------
------------------------------------------------------------------------------------------------

Rule       Severity  Description                    Violations  
---------  --------  -----------------------------  ----------  
TIMING-18  Warning   Missing input or output delay  22          

Note: This report is based on the most recent report_methodology run and may not be up-to-date. Run report_methodology on the current design for the latest report.



check_timing report

Table of Contents
-----------------
1. checking no_clock (0)
2. checking constant_clock (0)
3. checking pulse_width_clock (0)
4. checking unconstrained_internal_endpoints (0)
5. checking no_input_delay (17)
6. checking no_output_delay (5)
7. checking multiple_clock (0)
8. checking generated_clocks (0)
9. checking loops (0)
10. checking partial_input_delay (0)
11. checking partial_output_delay (0)
12. checking latch_loops (0)

1. checking no_clock (0)
------------------------
 There are 0 register/latch pins with no clock.


2. checking constant_clock (0)
------------------------------
 There are 0 register/latch pins with constant_clock.


3. checking pulse_width_clock (0)
---------------------------------
 There are 0 register/latch pins which need pulse_width check


4. checking unconstrained_internal_endpoints (0)
------------------------------------------------
 There are 0 pins that are not constrained for maximum delay.

 There are 0 pins that are not constrained for maximum delay due to constant clock.


5. checking no_input_delay (17)
-------------------------------
 There are 17 input ports with no input delay specified. (HIGH)

 There are 0 input ports with no input delay but user has a false path constraint.


6. checking no_output_delay (5)
-------------------------------
 There are 5 ports with no output delay specified. (HIGH)

 There are 0 ports with no output delay but user has a false path constraint

 There are 0 ports with no output delay but with a timing clock defined on it or propagating through it


7. checking multiple_clock (0)
------------------------------
 There are 0 register/latch pins with multiple clocks.


8. checking generated_clocks (0)
--------------------------------
 There are 0 generated clocks that are not connected to a clock source.


9. checking loops (0)
---------------------
 There are 0 combinational loops in the design.


10. checking partial_input_delay (0)
------------------------------------
 There are 0 input ports with partial input delay specified.


11. checking partial_output_delay (0)
-------------------------------------
 There are 0 ports with partial output delay specified.


12. checking latch_loops (0)
----------------------------
 There are 0 combinational latch loops in the design through latch input



------------------------------------------------------------------------------------------------
| Design Timing Summary
| ---------------------
------------------------------------------------------------------------------------------------

    WNS(ns)      TNS(ns)  TNS Failing Endpoints  TNS Total Endpoints      WHS(ns)      THS(ns)  THS Failing Endpoints  THS Total Endpoints     WPWS(ns)     TPWS(ns)  TPWS Failing Endpoints  TPWS Total Endpoints  
    -------      -------  ---------------------  -------------------      -------      -------  ---------------------  -------------------     --------     --------  ----------------------  --------------------  
      4.939        0.000                      0                   35        0.263        0.000                      0                   35        4.500        0.000                       0                    32  


All user specified timing constraints are met.


------------------------------------------------------------------------------------------------
| Clock Summary
| -------------
------------------------------------------------------------------------------------------------

Clock        Waveform(ns)       Period(ns)      Frequency(MHz)
-----        ------------       ----------      --------------
sys_clk_pin  {0.000 5.000}      10.000          100.000         


------------------------------------------------------------------------------------------------
| Intra Clock Table
| -----------------
------------------------------------------------------------------------------------------------

Clock             WNS(ns)      TNS(ns)  TNS Failing Endpoints  TNS Total Endpoints      WHS(ns)      THS(ns)  THS Failing Endpoints  THS Total Endpoints     WPWS(ns)     TPWS(ns)  TPWS Failing Endpoints  TPWS Total Endpoints  
-----             -------      -------  ---------------------  -------------------      -------      -------  ---------------------  -------------------     --------     --------  ----------------------  --------------------  
sys_clk_pin         4.939        0.000                      0                   35        0.263        0.000                      0                   35        4.500        0.000                       0                    32  


------------------------------------------------------------------------------------------------
| Inter Clock Table
| -----------------
------------------------------------------------------------------------------------------------

From Clock    To Clock          WNS(ns)      TNS(ns)  TNS Failing Endpoints  TNS Total Endpoints      WHS(ns)      THS(ns)  THS Failing Endpoints  THS Total Endpoints  
----------    --------          -------      -------  ---------------------  -------------------      -------      -------  ---------------------  -------------------  


------------------------------------------------------------------------------------------------
| Other Path Groups Table
| -----------------------
------------------------------------------------------------------------------------------------

Path Group    From Clock    To Clock          WNS(ns)      TNS(ns)  TNS Failing Endpoints  TNS Total Endpoints      WHS(ns)      THS(ns)  THS Failing Endpoints  THS Total Endpoints  
----------    ----------    --------          -------      -------  ---------------------  -------------------      -------      -------  ---------------------  -------------------  


------------------------------------------------------------------------------------------------
| User Ignored Path Table
| -----------------------
------------------------------------------------------------------------------------------------

Path Group    From Clock    To Clock    
----------    ----------    --------    


------------------------------------------------------------------------------------------------
| Unconstrained Path Table
| ------------------------
------------------------------------------------------------------------------------------------

Path Group    From Clock    To Clock    
----------    ----------    --------    
(none)        sys_clk_pin                 
(none)                      sys_clk_pin   


------------------------------------------------------------------------------------------------
| Timing Details
| --------------
------------------------------------------------------------------------------------------------


---------------------------------------------------------------------------------------------------
From Clock:  sys_clk_pin
  To Clock:  sys_clk_pin

Setup :            0  Failing Endpoints,  Worst Slack        4.939ns,  Total Violation        0.000ns
Hold  :            0  Failing Endpoints,  Worst Slack        0.263ns,  Total Violation        0.000ns
PW    :            0  Failing Endpoints,  Worst Slack        4.500ns,  Total Violation        0.000ns
---------------------------------------------------------------------------------------------------


Max Delay Paths
--------------------------------------------------------------------------------------
Slack (MET) :             4.939ns  (required time - arrival time)
  Source:                 bit_index_reg[1]/C
                            (rising edge-triggered cell FDCE clocked by sys_clk_pin  {rise@0.000ns fall@5.000ns period=10.000ns})
  Destination:            level_reg/D
                            (rising edge-triggered cell FDCE clocked by sys_clk_pin  {rise@0.000ns fall@5.000ns period=10.000ns})
  Path Group:             sys_clk_pin
  Path Type:              Setup (Max at Slow Process Corner)
  Requirement:            10.000ns  (sys_clk_pin rise@10.000ns - sys_clk_pin rise@0.000ns)
  Data Path Delay:        5.037ns  (logic 1.348ns (26.764%)  route 3.689ns (73.236%))
  Logic Levels:           3  (LUT6=1 MUXF7=1 MUXF8=1)
  Clock Path Skew:        -0.021ns (DCD - SCD + CPR)
    Destination Clock Delay (DCD):    4.836ns = ( 14.836 - 10.000 ) 
    Source Clock Delay      (SCD):    5.129ns
    Clock Pessimism Removal (CPR):    0.272ns
  Clock Uncertainty:      0.035ns  ((TSJ^2 + TIJ^2)^1/2 + DJ) / 2 + PE
    Total System Jitter     (TSJ):    0.071ns
    Total Input Jitter      (TIJ):    0.000ns
    Discrete Jitter          (DJ):    0.000ns
    Phase Error              (PE):    0.000ns

    Location             Delay type                Incr(ns)  Path(ns)    Netlist Resource(s)
  -------------------------------------------------------------------    -------------------
                         (clock sys_clk_pin rise edge)
                                                      0.000     0.000 r  
    W5                                                0.000     0.000 r  clk (IN)
                         net (fo=0)                   0.000     0.000    clk
    W5                   IBUF (Prop_ibuf_I_O)         1.458     1.458 r  clk_IBUF_inst/O
                         net (fo=1, routed)           1.967     3.425    clk_IBUF
    BUFGCTRL_X0Y0        BUFG (Prop_bufg_I_O)         0.096     3.521 r  clk_IBUF_BUFG_inst/O
                         net (fo=31, routed)          1.608     5.129    clk_IBUF_BUFG
    SLICE_X64Y73         FDCE                                         r  bit_index_reg[1]/C
  -------------------------------------------------------------------    -------------------
    SLICE_X64Y73         FDCE (Prop_fdce_C_Q)         0.478     5.607 r  bit_index_reg[1]/Q
                         net (fo=6, routed)           1.882     7.489    bit_index_out_OBUF[1]
    SLICE_X64Y44         MUXF7 (Prop_muxf7_S_O)       0.463     7.952 r  level_reg_i_8/O
                         net (fo=1, routed)           0.000     7.952    level_reg_i_8_n_0
    SLICE_X64Y44         MUXF8 (Prop_muxf8_I1_O)      0.088     8.040 r  level_reg_i_2/O
                         net (fo=1, routed)           1.807     9.846    level_reg_i_2_n_0
    SLICE_X63Y72         LUT6 (Prop_lut6_I0_O)        0.319    10.165 r  level_i_1/O
                         net (fo=1, routed)           0.000    10.165    level_i_1_n_0
    SLICE_X63Y72         FDCE                                         r  level_reg/D
  -------------------------------------------------------------------    -------------------

                         (clock sys_clk_pin rise edge)
                                                     10.000    10.000 r  
    W5                                                0.000    10.000 r  clk (IN)
                         net (fo=0)                   0.000    10.000    clk
    W5                   IBUF (Prop_ibuf_I_O)         1.388    11.388 r  clk_IBUF_inst/O
                         net (fo=1, routed)           1.862    13.250    clk_IBUF
    BUFGCTRL_X0Y0        BUFG (Prop_bufg_I_O)         0.091    13.341 r  clk_IBUF_BUFG_inst/O
                         net (fo=31, routed)          1.495    14.836    clk_IBUF_BUFG
    SLICE_X63Y72         FDCE                                         r  level_reg/C
                         clock pessimism              0.272    15.108    
                         clock uncertainty           -0.035    15.073    
    SLICE_X63Y72         FDCE (Setup_fdce_C_D)        0.032    15.105    level_reg
  -------------------------------------------------------------------
                         required time                         15.105    
                         arrival time                         -10.165    
  -------------------------------------------------------------------
                         slack                                  4.939    

Slack (MET) :             6.087ns  (required time - arrival time)
  Source:                 clk_counter_reg[9]/C
                            (rising edge-triggered cell FDCE clocked by sys_clk_pin  {rise@0.000ns fall@5.000ns period=10.000ns})
  Destination:            bit_index_reg[2]/CE
                            (rising edge-triggered cell FDCE clocked by sys_clk_pin  {rise@0.000ns fall@5.000ns period=10.000ns})
  Path Group:             sys_clk_pin
  Path Type:              Setup (Max at Slow Process Corner)
  Requirement:            10.000ns  (sys_clk_pin rise@10.000ns - sys_clk_pin rise@0.000ns)
  Data Path Delay:        3.697ns  (logic 1.072ns (28.995%)  route 2.625ns (71.005%))
  Logic Levels:           2  (LUT4=1 LUT6=1)
  Clock Path Skew:        -0.011ns (DCD - SCD + CPR)
    Destination Clock Delay (DCD):    4.847ns = ( 14.847 - 10.000 ) 
    Source Clock Delay      (SCD):    5.130ns
    Clock Pessimism Removal (CPR):    0.272ns
  Clock Uncertainty:      0.035ns  ((TSJ^2 + TIJ^2)^1/2 + DJ) / 2 + PE
    Total System Jitter     (TSJ):    0.071ns
    Total Input Jitter      (TIJ):    0.000ns
    Discrete Jitter          (DJ):    0.000ns
    Phase Error              (PE):    0.000ns

    Location             Delay type                Incr(ns)  Path(ns)    Netlist Resource(s)
  -------------------------------------------------------------------    -------------------
                         (clock sys_clk_pin rise edge)
                                                      0.000     0.000 r  
    W5                                                0.000     0.000 r  clk (IN)
                         net (fo=0)                   0.000     0.000    clk
    W5                   IBUF (Prop_ibuf_I_O)         1.458     1.458 r  clk_IBUF_inst/O
                         net (fo=1, routed)           1.967     3.425    clk_IBUF
    BUFGCTRL_X0Y0        BUFG (Prop_bufg_I_O)         0.096     3.521 r  clk_IBUF_BUFG_inst/O
                         net (fo=31, routed)          1.609     5.130    clk_IBUF_BUFG
    SLICE_X63Y72         FDCE                                         r  clk_counter_reg[9]/C
  -------------------------------------------------------------------    -------------------
    SLICE_X63Y72         FDCE (Prop_fdce_C_Q)         0.419     5.549 f  clk_counter_reg[9]/Q
                         net (fo=3, routed)           0.826     6.375    clk_counter_reg_n_0_[9]
    SLICE_X63Y72         LUT4 (Prop_lut4_I3_O)        0.326     6.701 f  clk_counter[25]_i_7/O
                         net (fo=1, routed)           0.812     7.513    clk_counter[25]_i_7_n_0
    SLICE_X63Y73         LUT6 (Prop_lut6_I3_O)        0.327     7.840 r  clk_counter[25]_i_2/O
                         net (fo=29, routed)          0.987     8.827    bit_index[0]
    SLICE_X64Y61         FDCE                                         r  bit_index_reg[2]/CE
  -------------------------------------------------------------------    -------------------

                         (clock sys_clk_pin rise edge)
                                                     10.000    10.000 r  
    W5                                                0.000    10.000 r  clk (IN)
                         net (fo=0)                   0.000    10.000    clk
    W5                   IBUF (Prop_ibuf_I_O)         1.388    11.388 r  clk_IBUF_inst/O
                         net (fo=1, routed)           1.862    13.250    clk_IBUF
    BUFGCTRL_X0Y0        BUFG (Prop_bufg_I_O)         0.091    13.341 r  clk_IBUF_BUFG_inst/O
                         net (fo=31, routed)          1.506    14.847    clk_IBUF_BUFG
    SLICE_X64Y61         FDCE                                         r  bit_index_reg[2]/C
                         clock pessimism              0.272    15.119    
                         clock uncertainty           -0.035    15.084    
    SLICE_X64Y61         FDCE (Setup_fdce_C_CE)      -0.169    14.915    bit_index_reg[2]
  -------------------------------------------------------------------
                         required time                         14.915    
                         arrival time                          -8.827    
  -------------------------------------------------------------------
                         slack                                  6.087    

Slack (MET) :             6.087ns  (required time - arrival time)
  Source:                 clk_counter_reg[9]/C
                            (rising edge-triggered cell FDCE clocked by sys_clk_pin  {rise@0.000ns fall@5.000ns period=10.000ns})
  Destination:            bit_index_reg[3]/CE
                            (rising edge-triggered cell FDCE clocked by sys_clk_pin  {rise@0.000ns fall@5.000ns period=10.000ns})
  Path Group:             sys_clk_pin
  Path Type:              Setup (Max at Slow Process Corner)
  Requirement:            10.000ns  (sys_clk_pin rise@10.000ns - sys_clk_pin rise@0.000ns)
  Data Path Delay:        3.697ns  (logic 1.072ns (28.995%)  route 2.625ns (71.005%))
  Logic Levels:           2  (LUT4=1 LUT6=1)
  Clock Path Skew:        -0.011ns (DCD - SCD + CPR)
    Destination Clock Delay (DCD):    4.847ns = ( 14.847 - 10.000 ) 
    Source Clock Delay      (SCD):    5.130ns
    Clock Pessimism Removal (CPR):    0.272ns
  Clock Uncertainty:      0.035ns  ((TSJ^2 + TIJ^2)^1/2 + DJ) / 2 + PE
    Total System Jitter     (TSJ):    0.071ns
    Total Input Jitter      (TIJ):    0.000ns
    Discrete Jitter          (DJ):    0.000ns
    Phase Error              (PE):    0.000ns

    Location             Delay type                Incr(ns)  Path(ns)    Netlist Resource(s)
  -------------------------------------------------------------------    -------------------
                         (clock sys_clk_pin rise edge)
                                                      0.000     0.000 r  
    W5                                                0.000     0.000 r  clk (IN)
                         net (fo=0)                   0.000     0.000    clk
    W5                   IBUF (Prop_ibuf_I_O)         1.458     1.458 r  clk_IBUF_inst/O
                         net (fo=1, routed)           1.967     3.425    clk_IBUF
    BUFGCTRL_X0Y0        BUFG (Prop_bufg_I_O)         0.096     3.521 r  clk_IBUF_BUFG_inst/O
                         net (fo=31, routed)          1.609     5.130    clk_IBUF_BUFG
    SLICE_X63Y72         FDCE                                         r  clk_counter_reg[9]/C
  -------------------------------------------------------------------    -------------------
    SLICE_X63Y72         FDCE (Prop_fdce_C_Q)         0.419     5.549 f  clk_counter_reg[9]/Q
                         net (fo=3, routed)           0.826     6.375    clk_counter_reg_n_0_[9]
    SLICE_X63Y72         LUT4 (Prop_lut4_I3_O)        0.326     6.701 f  clk_counter[25]_i_7/O
                         net (fo=1, routed)           0.812     7.513    clk_counter[25]_i_7_n_0
    SLICE_X63Y73         LUT6 (Prop_lut6_I3_O)        0.327     7.840 r  clk_counter[25]_i_2/O
                         net (fo=29, routed)          0.987     8.827    bit_index[0]
    SLICE_X64Y61         FDCE                                         r  bit_index_reg[3]/CE
  -------------------------------------------------------------------    -------------------

                         (clock sys_clk_pin rise edge)
                                                     10.000    10.000 r  
    W5                                                0.000    10.000 r  clk (IN)
                         net (fo=0)                   0.000    10.000    clk
    W5                   IBUF (Prop_ibuf_I_O)         1.388    11.388 r  clk_IBUF_inst/O
                         net (fo=1, routed)           1.862    13.250    clk_IBUF
    BUFGCTRL_X0Y0        BUFG (Prop_bufg_I_O)         0.091    13.341 r  clk_IBUF_BUFG_inst/O
                         net (fo=31, routed)          1.506    14.847    clk_IBUF_BUFG
    SLICE_X64Y61         FDCE                                         r  bit_index_reg[3]/C
                         clock pessimism              0.272    15.119    
                         clock uncertainty           -0.035    15.084    
    SLICE_X64Y61         FDCE (Setup_fdce_C_CE)      -0.169    14.915    bit_index_reg[3]
  -------------------------------------------------------------------
                         required time                         14.915    
                         arrival time                          -8.827    
  -------------------------------------------------------------------
                         slack                                  6.087    

Slack (MET) :             6.164ns  (required time - arrival time)
  Source:                 clk_counter_reg[0]/C
                            (rising edge-triggered cell FDCE clocked by sys_clk_pin  {rise@0.000ns fall@5.000ns period=10.000ns})
  Destination:            clk_counter_reg[22]/D
                            (rising edge-triggered cell FDCE clocked by sys_clk_pin  {rise@0.000ns fall@5.000ns period=10.000ns})
  Path Group:             sys_clk_pin
  Path Type:              Setup (Max at Slow Process Corner)
  Requirement:            10.000ns  (sys_clk_pin rise@10.000ns - sys_clk_pin rise@0.000ns)
  Data Path Delay:        3.792ns  (logic 2.129ns (56.139%)  route 1.663ns (43.861%))
  Logic Levels:           7  (CARRY4=6 LUT2=1)
  Clock Path Skew:        -0.037ns (DCD - SCD + CPR)
    Destination Clock Delay (DCD):    4.833ns = ( 14.833 - 10.000 ) 
    Source Clock Delay      (SCD):    5.128ns
    Clock Pessimism Removal (CPR):    0.258ns
  Clock Uncertainty:      0.035ns  ((TSJ^2 + TIJ^2)^1/2 + DJ) / 2 + PE
    Total System Jitter     (TSJ):    0.071ns
    Total Input Jitter      (TIJ):    0.000ns
    Discrete Jitter          (DJ):    0.000ns
    Phase Error              (PE):    0.000ns

    Location             Delay type                Incr(ns)  Path(ns)    Netlist Resource(s)
  -------------------------------------------------------------------    -------------------
                         (clock sys_clk_pin rise edge)
                                                      0.000     0.000 r  
    W5                                                0.000     0.000 r  clk (IN)
                         net (fo=0)                   0.000     0.000    clk
    W5                   IBUF (Prop_ibuf_I_O)         1.458     1.458 r  clk_IBUF_inst/O
                         net (fo=1, routed)           1.967     3.425    clk_IBUF
    BUFGCTRL_X0Y0        BUFG (Prop_bufg_I_O)         0.096     3.521 r  clk_IBUF_BUFG_inst/O
                         net (fo=31, routed)          1.607     5.128    clk_IBUF_BUFG
    SLICE_X61Y73         FDCE                                         r  clk_counter_reg[0]/C
  -------------------------------------------------------------------    -------------------
    SLICE_X61Y73         FDCE (Prop_fdce_C_Q)         0.456     5.584 r  clk_counter_reg[0]/Q
                         net (fo=4, routed)           0.801     6.385    clk_counter_reg_n_0_[0]
    SLICE_X62Y70         CARRY4 (Prop_carry4_CYINIT_CO[3])
                                                      0.580     6.965 r  clk_counter_reg[4]_i_2/CO[3]
                         net (fo=1, routed)           0.000     6.965    clk_counter_reg[4]_i_2_n_0
    SLICE_X62Y71         CARRY4 (Prop_carry4_CI_CO[3])
                                                      0.114     7.079 r  clk_counter_reg[8]_i_2/CO[3]
                         net (fo=1, routed)           0.000     7.079    clk_counter_reg[8]_i_2_n_0
    SLICE_X62Y72         CARRY4 (Prop_carry4_CI_CO[3])
                                                      0.114     7.193 r  clk_counter_reg[12]_i_2/CO[3]
                         net (fo=1, routed)           0.000     7.193    clk_counter_reg[12]_i_2_n_0
    SLICE_X62Y73         CARRY4 (Prop_carry4_CI_CO[3])
                                                      0.114     7.307 r  clk_counter_reg[16]_i_2/CO[3]
                         net (fo=1, routed)           0.000     7.307    clk_counter_reg[16]_i_2_n_0
    SLICE_X62Y74         CARRY4 (Prop_carry4_CI_CO[3])
                                                      0.114     7.421 r  clk_counter_reg[20]_i_2/CO[3]
                         net (fo=1, routed)           0.009     7.430    clk_counter_reg[20]_i_2_n_0
    SLICE_X62Y75         CARRY4 (Prop_carry4_CI_O[1])
                                                      0.334     7.764 r  clk_counter_reg[24]_i_2/O[1]
                         net (fo=1, routed)           0.853     8.617    data0[22]
    SLICE_X63Y75         LUT2 (Prop_lut2_I1_O)        0.303     8.920 r  clk_counter[22]_i_1/O
                         net (fo=1, routed)           0.000     8.920    clk_counter[22]
    SLICE_X63Y75         FDCE                                         r  clk_counter_reg[22]/D
  -------------------------------------------------------------------    -------------------

                         (clock sys_clk_pin rise edge)
                                                     10.000    10.000 r  
    W5                                                0.000    10.000 r  clk (IN)
                         net (fo=0)                   0.000    10.000    clk
    W5                   IBUF (Prop_ibuf_I_O)         1.388    11.388 r  clk_IBUF_inst/O
                         net (fo=1, routed)           1.862    13.250    clk_IBUF
    BUFGCTRL_X0Y0        BUFG (Prop_bufg_I_O)         0.091    13.341 r  clk_IBUF_BUFG_inst/O
                         net (fo=31, routed)          1.492    14.833    clk_IBUF_BUFG
    SLICE_X63Y75         FDCE                                         r  clk_counter_reg[22]/C
                         clock pessimism              0.258    15.091    
                         clock uncertainty           -0.035    15.056    
    SLICE_X63Y75         FDCE (Setup_fdce_C_D)        0.029    15.085    clk_counter_reg[22]
  -------------------------------------------------------------------
                         required time                         15.085    
                         arrival time                          -8.920    
  -------------------------------------------------------------------
                         slack                                  6.164    

Slack (MET) :             6.182ns  (required time - arrival time)
  Source:                 clk_counter_reg[0]/C
                            (rising edge-triggered cell FDCE clocked by sys_clk_pin  {rise@0.000ns fall@5.000ns period=10.000ns})
  Destination:            clk_counter_reg[21]/D
                            (rising edge-triggered cell FDCE clocked by sys_clk_pin  {rise@0.000ns fall@5.000ns period=10.000ns})
  Path Group:             sys_clk_pin
  Path Type:              Setup (Max at Slow Process Corner)
  Requirement:            10.000ns  (sys_clk_pin rise@10.000ns - sys_clk_pin rise@0.000ns)
  Data Path Delay:        3.821ns  (logic 2.041ns (53.418%)  route 1.780ns (46.582%))
  Logic Levels:           7  (CARRY4=6 LUT2=1)
  Clock Path Skew:        -0.037ns (DCD - SCD + CPR)
    Destination Clock Delay (DCD):    4.833ns = ( 14.833 - 10.000 ) 
    Source Clock Delay      (SCD):    5.128ns
    Clock Pessimism Removal (CPR):    0.258ns
  Clock Uncertainty:      0.035ns  ((TSJ^2 + TIJ^2)^1/2 + DJ) / 2 + PE
    Total System Jitter     (TSJ):    0.071ns
    Total Input Jitter      (TIJ):    0.000ns
    Discrete Jitter          (DJ):    0.000ns
    Phase Error              (PE):    0.000ns

    Location             Delay type                Incr(ns)  Path(ns)    Netlist Resource(s)
  -------------------------------------------------------------------    -------------------
                         (clock sys_clk_pin rise edge)
                                                      0.000     0.000 r  
    W5                                                0.000     0.000 r  clk (IN)
                         net (fo=0)                   0.000     0.000    clk
    W5                   IBUF (Prop_ibuf_I_O)         1.458     1.458 r  clk_IBUF_inst/O
                         net (fo=1, routed)           1.967     3.425    clk_IBUF
    BUFGCTRL_X0Y0        BUFG (Prop_bufg_I_O)         0.096     3.521 r  clk_IBUF_BUFG_inst/O
                         net (fo=31, routed)          1.607     5.128    clk_IBUF_BUFG
    SLICE_X61Y73         FDCE                                         r  clk_counter_reg[0]/C
  -------------------------------------------------------------------    -------------------
    SLICE_X61Y73         FDCE (Prop_fdce_C_Q)         0.456     5.584 r  clk_counter_reg[0]/Q
                         net (fo=4, routed)           0.801     6.385    clk_counter_reg_n_0_[0]
    SLICE_X62Y70         CARRY4 (Prop_carry4_CYINIT_CO[3])
                                                      0.580     6.965 r  clk_counter_reg[4]_i_2/CO[3]
                         net (fo=1, routed)           0.000     6.965    clk_counter_reg[4]_i_2_n_0
    SLICE_X62Y71         CARRY4 (Prop_carry4_CI_CO[3])
                                                      0.114     7.079 r  clk_counter_reg[8]_i_2/CO[3]
                         net (fo=1, routed)           0.000     7.079    clk_counter_reg[8]_i_2_n_0
    SLICE_X62Y72         CARRY4 (Prop_carry4_CI_CO[3])
                                                      0.114     7.193 r  clk_counter_reg[12]_i_2/CO[3]
                         net (fo=1, routed)           0.000     7.193    clk_counter_reg[12]_i_2_n_0
    SLICE_X62Y73         CARRY4 (Prop_carry4_CI_CO[3])
                                                      0.114     7.307 r  clk_counter_reg[16]_i_2/CO[3]
                         net (fo=1, routed)           0.000     7.307    clk_counter_reg[16]_i_2_n_0
    SLICE_X62Y74         CARRY4 (Prop_carry4_CI_CO[3])
                                                      0.114     7.421 r  clk_counter_reg[20]_i_2/CO[3]
                         net (fo=1, routed)           0.009     7.430    clk_counter_reg[20]_i_2_n_0
    SLICE_X62Y75         CARRY4 (Prop_carry4_CI_O[0])
                                                      0.222     7.652 r  clk_counter_reg[24]_i_2/O[0]
                         net (fo=1, routed)           0.970     8.622    data0[21]
    SLICE_X63Y74         LUT2 (Prop_lut2_I1_O)        0.327     8.949 r  clk_counter[21]_i_1/O
                         net (fo=1, routed)           0.000     8.949    clk_counter[21]
    SLICE_X63Y74         FDCE                                         r  clk_counter_reg[21]/D
  -------------------------------------------------------------------    -------------------

                         (clock sys_clk_pin rise edge)
                                                     10.000    10.000 r  
    W5                                                0.000    10.000 r  clk (IN)
                         net (fo=0)                   0.000    10.000    clk
    W5                   IBUF (Prop_ibuf_I_O)         1.388    11.388 r  clk_IBUF_inst/O
                         net (fo=1, routed)           1.862    13.250    clk_IBUF
    BUFGCTRL_X0Y0        BUFG (Prop_bufg_I_O)         0.091    13.341 r  clk_IBUF_BUFG_inst/O
                         net (fo=31, routed)          1.492    14.833    clk_IBUF_BUFG
    SLICE_X63Y74         FDCE                                         r  clk_counter_reg[21]/C
                         clock pessimism              0.258    15.091    
                         clock uncertainty           -0.035    15.056    
    SLICE_X63Y74         FDCE (Setup_fdce_C_D)        0.075    15.131    clk_counter_reg[21]
  -------------------------------------------------------------------
                         required time                         15.131    
                         arrival time                          -8.949    
  -------------------------------------------------------------------
                         slack                                  6.182    

Slack (MET) :             6.217ns  (required time - arrival time)
  Source:                 clk_counter_reg[9]/C
                            (rising edge-triggered cell FDCE clocked by sys_clk_pin  {rise@0.000ns fall@5.000ns period=10.000ns})
  Destination:            clk_counter_reg[6]/D
                            (rising edge-triggered cell FDCE clocked by sys_clk_pin  {rise@0.000ns fall@5.000ns period=10.000ns})
  Path Group:             sys_clk_pin
  Path Type:              Setup (Max at Slow Process Corner)
  Requirement:            10.000ns  (sys_clk_pin rise@10.000ns - sys_clk_pin rise@0.000ns)
  Data Path Delay:        3.779ns  (logic 1.196ns (31.650%)  route 2.583ns (68.350%))
  Logic Levels:           3  (LUT2=1 LUT4=1 LUT6=1)
  Clock Path Skew:        0.000ns (DCD - SCD + CPR)
    Destination Clock Delay (DCD):    4.836ns = ( 14.836 - 10.000 ) 
    Source Clock Delay      (SCD):    5.130ns
    Clock Pessimism Removal (CPR):    0.294ns
  Clock Uncertainty:      0.035ns  ((TSJ^2 + TIJ^2)^1/2 + DJ) / 2 + PE
    Total System Jitter     (TSJ):    0.071ns
    Total Input Jitter      (TIJ):    0.000ns
    Discrete Jitter          (DJ):    0.000ns
    Phase Error              (PE):    0.000ns

    Location             Delay type                Incr(ns)  Path(ns)    Netlist Resource(s)
  -------------------------------------------------------------------    -------------------
                         (clock sys_clk_pin rise edge)
                                                      0.000     0.000 r  
    W5                                                0.000     0.000 r  clk (IN)
                         net (fo=0)                   0.000     0.000    clk
    W5                   IBUF (Prop_ibuf_I_O)         1.458     1.458 r  clk_IBUF_inst/O
                         net (fo=1, routed)           1.967     3.425    clk_IBUF
    BUFGCTRL_X0Y0        BUFG (Prop_bufg_I_O)         0.096     3.521 r  clk_IBUF_BUFG_inst/O
                         net (fo=31, routed)          1.609     5.130    clk_IBUF_BUFG
    SLICE_X63Y72         FDCE                                         r  clk_counter_reg[9]/C
  -------------------------------------------------------------------    -------------------
    SLICE_X63Y72         FDCE (Prop_fdce_C_Q)         0.419     5.549 r  clk_counter_reg[9]/Q
                         net (fo=3, routed)           0.826     6.375    clk_counter_reg_n_0_[9]
    SLICE_X63Y72         LUT4 (Prop_lut4_I3_O)        0.326     6.701 r  clk_counter[25]_i_7/O
                         net (fo=1, routed)           0.812     7.513    clk_counter[25]_i_7_n_0
    SLICE_X63Y73         LUT6 (Prop_lut6_I3_O)        0.327     7.840 f  clk_counter[25]_i_2/O
                         net (fo=29, routed)          0.945     8.785    bit_index[0]
    SLICE_X63Y72         LUT2 (Prop_lut2_I0_O)        0.124     8.909 r  clk_counter[6]_i_1/O
                         net (fo=1, routed)           0.000     8.909    clk_counter[6]
    SLICE_X63Y72         FDCE                                         r  clk_counter_reg[6]/D
  -------------------------------------------------------------------    -------------------

                         (clock sys_clk_pin rise edge)
                                                     10.000    10.000 r  
    W5                                                0.000    10.000 r  clk (IN)
                         net (fo=0)                   0.000    10.000    clk
    W5                   IBUF (Prop_ibuf_I_O)         1.388    11.388 r  clk_IBUF_inst/O
                         net (fo=1, routed)           1.862    13.250    clk_IBUF
    BUFGCTRL_X0Y0        BUFG (Prop_bufg_I_O)         0.091    13.341 r  clk_IBUF_BUFG_inst/O
                         net (fo=31, routed)          1.495    14.836    clk_IBUF_BUFG
    SLICE_X63Y72         FDCE                                         r  clk_counter_reg[6]/C
                         clock pessimism              0.294    15.130    
                         clock uncertainty           -0.035    15.095    
    SLICE_X63Y72         FDCE (Setup_fdce_C_D)        0.031    15.126    clk_counter_reg[6]
  -------------------------------------------------------------------
                         required time                         15.126    
                         arrival time                          -8.909    
  -------------------------------------------------------------------
                         slack                                  6.217    

Slack (MET) :             6.233ns  (required time - arrival time)
  Source:                 clk_counter_reg[9]/C
                            (rising edge-triggered cell FDCE clocked by sys_clk_pin  {rise@0.000ns fall@5.000ns period=10.000ns})
  Destination:            clk_counter_reg[9]/D
                            (rising edge-triggered cell FDCE clocked by sys_clk_pin  {rise@0.000ns fall@5.000ns period=10.000ns})
  Path Group:             sys_clk_pin
  Path Type:              Setup (Max at Slow Process Corner)
  Requirement:            10.000ns  (sys_clk_pin rise@10.000ns - sys_clk_pin rise@0.000ns)
  Data Path Delay:        3.807ns  (logic 1.224ns (32.153%)  route 2.583ns (67.847%))
  Logic Levels:           3  (LUT2=1 LUT4=1 LUT6=1)
  Clock Path Skew:        0.000ns (DCD - SCD + CPR)
    Destination Clock Delay (DCD):    4.836ns = ( 14.836 - 10.000 ) 
    Source Clock Delay      (SCD):    5.130ns
    Clock Pessimism Removal (CPR):    0.294ns
  Clock Uncertainty:      0.035ns  ((TSJ^2 + TIJ^2)^1/2 + DJ) / 2 + PE
    Total System Jitter     (TSJ):    0.071ns
    Total Input Jitter      (TIJ):    0.000ns
    Discrete Jitter          (DJ):    0.000ns
    Phase Error              (PE):    0.000ns

    Location             Delay type                Incr(ns)  Path(ns)    Netlist Resource(s)
  -------------------------------------------------------------------    -------------------
                         (clock sys_clk_pin rise edge)
                                                      0.000     0.000 r  
    W5                                                0.000     0.000 r  clk (IN)
                         net (fo=0)                   0.000     0.000    clk
    W5                   IBUF (Prop_ibuf_I_O)         1.458     1.458 r  clk_IBUF_inst/O
                         net (fo=1, routed)           1.967     3.425    clk_IBUF
    BUFGCTRL_X0Y0        BUFG (Prop_bufg_I_O)         0.096     3.521 r  clk_IBUF_BUFG_inst/O
                         net (fo=31, routed)          1.609     5.130    clk_IBUF_BUFG
    SLICE_X63Y72         FDCE                                         r  clk_counter_reg[9]/C
  -------------------------------------------------------------------    -------------------
    SLICE_X63Y72         FDCE (Prop_fdce_C_Q)         0.419     5.549 r  clk_counter_reg[9]/Q
                         net (fo=3, routed)           0.826     6.375    clk_counter_reg_n_0_[9]
    SLICE_X63Y72         LUT4 (Prop_lut4_I3_O)        0.326     6.701 r  clk_counter[25]_i_7/O
                         net (fo=1, routed)           0.812     7.513    clk_counter[25]_i_7_n_0
    SLICE_X63Y73         LUT6 (Prop_lut6_I3_O)        0.327     7.840 f  clk_counter[25]_i_2/O
                         net (fo=29, routed)          0.945     8.785    bit_index[0]
    SLICE_X63Y72         LUT2 (Prop_lut2_I0_O)        0.152     8.937 r  clk_counter[9]_i_1/O
                         net (fo=1, routed)           0.000     8.937    clk_counter[9]
    SLICE_X63Y72         FDCE                                         r  clk_counter_reg[9]/D
  -------------------------------------------------------------------    -------------------

                         (clock sys_clk_pin rise edge)
                                                     10.000    10.000 r  
    W5                                                0.000    10.000 r  clk (IN)
                         net (fo=0)                   0.000    10.000    clk
    W5                   IBUF (Prop_ibuf_I_O)         1.388    11.388 r  clk_IBUF_inst/O
                         net (fo=1, routed)           1.862    13.250    clk_IBUF
    BUFGCTRL_X0Y0        BUFG (Prop_bufg_I_O)         0.091    13.341 r  clk_IBUF_BUFG_inst/O
                         net (fo=31, routed)          1.495    14.836    clk_IBUF_BUFG
    SLICE_X63Y72         FDCE                                         r  clk_counter_reg[9]/C
                         clock pessimism              0.294    15.130    
                         clock uncertainty           -0.035    15.095    
    SLICE_X63Y72         FDCE (Setup_fdce_C_D)        0.075    15.170    clk_counter_reg[9]
  -------------------------------------------------------------------
                         required time                         15.170    
                         arrival time                          -8.937    
  -------------------------------------------------------------------
                         slack                                  6.233    

Slack (MET) :             6.281ns  (required time - arrival time)
  Source:                 clk_counter_reg[9]/C
                            (rising edge-triggered cell FDCE clocked by sys_clk_pin  {rise@0.000ns fall@5.000ns period=10.000ns})
  Destination:            clk_counter_reg[7]/D
                            (rising edge-triggered cell FDCE clocked by sys_clk_pin  {rise@0.000ns fall@5.000ns period=10.000ns})
  Path Group:             sys_clk_pin
  Path Type:              Setup (Max at Slow Process Corner)
  Requirement:            10.000ns  (sys_clk_pin rise@10.000ns - sys_clk_pin rise@0.000ns)
  Data Path Delay:        3.695ns  (logic 1.196ns (32.369%)  route 2.499ns (67.631%))
  Logic Levels:           3  (LUT2=1 LUT4=1 LUT6=1)
  Clock Path Skew:        -0.020ns (DCD - SCD + CPR)
    Destination Clock Delay (DCD):    4.838ns = ( 14.838 - 10.000 ) 
    Source Clock Delay      (SCD):    5.130ns
    Clock Pessimism Removal (CPR):    0.272ns
  Clock Uncertainty:      0.035ns  ((TSJ^2 + TIJ^2)^1/2 + DJ) / 2 + PE
    Total System Jitter     (TSJ):    0.071ns
    Total Input Jitter      (TIJ):    0.000ns
    Discrete Jitter          (DJ):    0.000ns
    Phase Error              (PE):    0.000ns

    Location             Delay type                Incr(ns)  Path(ns)    Netlist Resource(s)
  -------------------------------------------------------------------    -------------------
                         (clock sys_clk_pin rise edge)
                                                      0.000     0.000 r  
    W5                                                0.000     0.000 r  clk (IN)
                         net (fo=0)                   0.000     0.000    clk
    W5                   IBUF (Prop_ibuf_I_O)         1.458     1.458 r  clk_IBUF_inst/O
                         net (fo=1, routed)           1.967     3.425    clk_IBUF
    BUFGCTRL_X0Y0        BUFG (Prop_bufg_I_O)         0.096     3.521 r  clk_IBUF_BUFG_inst/O
                         net (fo=31, routed)          1.609     5.130    clk_IBUF_BUFG
    SLICE_X63Y72         FDCE                                         r  clk_counter_reg[9]/C
  -------------------------------------------------------------------    -------------------
    SLICE_X63Y72         FDCE (Prop_fdce_C_Q)         0.419     5.549 r  clk_counter_reg[9]/Q
                         net (fo=3, routed)           0.826     6.375    clk_counter_reg_n_0_[9]
    SLICE_X63Y72         LUT4 (Prop_lut4_I3_O)        0.326     6.701 r  clk_counter[25]_i_7/O
                         net (fo=1, routed)           0.812     7.513    clk_counter[25]_i_7_n_0
    SLICE_X63Y73         LUT6 (Prop_lut6_I3_O)        0.327     7.840 f  clk_counter[25]_i_2/O
                         net (fo=29, routed)          0.861     8.701    bit_index[0]
    SLICE_X63Y71         LUT2 (Prop_lut2_I0_O)        0.124     8.825 r  clk_counter[7]_i_1/O
                         net (fo=1, routed)           0.000     8.825    clk_counter[7]
    SLICE_X63Y71         FDCE                                         r  clk_counter_reg[7]/D
  -------------------------------------------------------------------    -------------------

                         (clock sys_clk_pin rise edge)
                                                     10.000    10.000 r  
    W5                                                0.000    10.000 r  clk (IN)
                         net (fo=0)                   0.000    10.000    clk
    W5                   IBUF (Prop_ibuf_I_O)         1.388    11.388 r  clk_IBUF_inst/O
                         net (fo=1, routed)           1.862    13.250    clk_IBUF
    BUFGCTRL_X0Y0        BUFG (Prop_bufg_I_O)         0.091    13.341 r  clk_IBUF_BUFG_inst/O
                         net (fo=31, routed)          1.497    14.838    clk_IBUF_BUFG
    SLICE_X63Y71         FDCE                                         r  clk_counter_reg[7]/C
                         clock pessimism              0.272    15.110    
                         clock uncertainty           -0.035    15.075    
    SLICE_X63Y71         FDCE (Setup_fdce_C_D)        0.031    15.106    clk_counter_reg[7]
  -------------------------------------------------------------------
                         required time                         15.106    
                         arrival time                          -8.825    
  -------------------------------------------------------------------
                         slack                                  6.281    

Slack (MET) :             6.283ns  (required time - arrival time)
  Source:                 clk_counter_reg[9]/C
                            (rising edge-triggered cell FDCE clocked by sys_clk_pin  {rise@0.000ns fall@5.000ns period=10.000ns})
  Destination:            clk_counter_reg[4]/D
                            (rising edge-triggered cell FDCE clocked by sys_clk_pin  {rise@0.000ns fall@5.000ns period=10.000ns})
  Path Group:             sys_clk_pin
  Path Type:              Setup (Max at Slow Process Corner)
  Requirement:            10.000ns  (sys_clk_pin rise@10.000ns - sys_clk_pin rise@0.000ns)
  Data Path Delay:        3.691ns  (logic 1.196ns (32.404%)  route 2.495ns (67.596%))
  Logic Levels:           3  (LUT2=1 LUT4=1 LUT6=1)
  Clock Path Skew:        -0.020ns (DCD - SCD + CPR)
    Destination Clock Delay (DCD):    4.838ns = ( 14.838 - 10.000 ) 
    Source Clock Delay      (SCD):    5.130ns
    Clock Pessimism Removal (CPR):    0.272ns
  Clock Uncertainty:      0.035ns  ((TSJ^2 + TIJ^2)^1/2 + DJ) / 2 + PE
    Total System Jitter     (TSJ):    0.071ns
    Total Input Jitter      (TIJ):    0.000ns
    Discrete Jitter          (DJ):    0.000ns
    Phase Error              (PE):    0.000ns

    Location             Delay type                Incr(ns)  Path(ns)    Netlist Resource(s)
  -------------------------------------------------------------------    -------------------
                         (clock sys_clk_pin rise edge)
                                                      0.000     0.000 r  
    W5                                                0.000     0.000 r  clk (IN)
                         net (fo=0)                   0.000     0.000    clk
    W5                   IBUF (Prop_ibuf_I_O)         1.458     1.458 r  clk_IBUF_inst/O
                         net (fo=1, routed)           1.967     3.425    clk_IBUF
    BUFGCTRL_X0Y0        BUFG (Prop_bufg_I_O)         0.096     3.521 r  clk_IBUF_BUFG_inst/O
                         net (fo=31, routed)          1.609     5.130    clk_IBUF_BUFG
    SLICE_X63Y72         FDCE                                         r  clk_counter_reg[9]/C
  -------------------------------------------------------------------    -------------------
    SLICE_X63Y72         FDCE (Prop_fdce_C_Q)         0.419     5.549 r  clk_counter_reg[9]/Q
                         net (fo=3, routed)           0.826     6.375    clk_counter_reg_n_0_[9]
    SLICE_X63Y72         LUT4 (Prop_lut4_I3_O)        0.326     6.701 r  clk_counter[25]_i_7/O
                         net (fo=1, routed)           0.812     7.513    clk_counter[25]_i_7_n_0
    SLICE_X63Y73         LUT6 (Prop_lut6_I3_O)        0.327     7.840 f  clk_counter[25]_i_2/O
                         net (fo=29, routed)          0.857     8.697    bit_index[0]
    SLICE_X63Y71         LUT2 (Prop_lut2_I0_O)        0.124     8.821 r  clk_counter[4]_i_1/O
                         net (fo=1, routed)           0.000     8.821    clk_counter[4]
    SLICE_X63Y71         FDCE                                         r  clk_counter_reg[4]/D
  -------------------------------------------------------------------    -------------------

                         (clock sys_clk_pin rise edge)
                                                     10.000    10.000 r  
    W5                                                0.000    10.000 r  clk (IN)
                         net (fo=0)                   0.000    10.000    clk
    W5                   IBUF (Prop_ibuf_I_O)         1.388    11.388 r  clk_IBUF_inst/O
                         net (fo=1, routed)           1.862    13.250    clk_IBUF
    BUFGCTRL_X0Y0        BUFG (Prop_bufg_I_O)         0.091    13.341 r  clk_IBUF_BUFG_inst/O
                         net (fo=31, routed)          1.497    14.838    clk_IBUF_BUFG
    SLICE_X63Y71         FDCE                                         r  clk_counter_reg[4]/C
                         clock pessimism              0.272    15.110    
                         clock uncertainty           -0.035    15.075    
    SLICE_X63Y71         FDCE (Setup_fdce_C_D)        0.029    15.104    clk_counter_reg[4]
  -------------------------------------------------------------------
                         required time                         15.104    
                         arrival time                          -8.821    
  -------------------------------------------------------------------
                         slack                                  6.283    

Slack (MET) :             6.290ns  (required time - arrival time)
  Source:                 clk_counter_reg[9]/C
                            (rising edge-triggered cell FDCE clocked by sys_clk_pin  {rise@0.000ns fall@5.000ns period=10.000ns})
  Destination:            clk_counter_reg[2]/D
                            (rising edge-triggered cell FDCE clocked by sys_clk_pin  {rise@0.000ns fall@5.000ns period=10.000ns})
  Path Group:             sys_clk_pin
  Path Type:              Setup (Max at Slow Process Corner)
  Requirement:            10.000ns  (sys_clk_pin rise@10.000ns - sys_clk_pin rise@0.000ns)
  Data Path Delay:        3.685ns  (logic 1.196ns (32.456%)  route 2.489ns (67.544%))
  Logic Levels:           3  (LUT2=1 LUT4=1 LUT6=1)
  Clock Path Skew:        -0.019ns (DCD - SCD + CPR)
    Destination Clock Delay (DCD):    4.839ns = ( 14.839 - 10.000 ) 
    Source Clock Delay      (SCD):    5.130ns
    Clock Pessimism Removal (CPR):    0.272ns
  Clock Uncertainty:      0.035ns  ((TSJ^2 + TIJ^2)^1/2 + DJ) / 2 + PE
    Total System Jitter     (TSJ):    0.071ns
    Total Input Jitter      (TIJ):    0.000ns
    Discrete Jitter          (DJ):    0.000ns
    Phase Error              (PE):    0.000ns

    Location             Delay type                Incr(ns)  Path(ns)    Netlist Resource(s)
  -------------------------------------------------------------------    -------------------
                         (clock sys_clk_pin rise edge)
                                                      0.000     0.000 r  
    W5                                                0.000     0.000 r  clk (IN)
                         net (fo=0)                   0.000     0.000    clk
    W5                   IBUF (Prop_ibuf_I_O)         1.458     1.458 r  clk_IBUF_inst/O
                         net (fo=1, routed)           1.967     3.425    clk_IBUF
    BUFGCTRL_X0Y0        BUFG (Prop_bufg_I_O)         0.096     3.521 r  clk_IBUF_BUFG_inst/O
                         net (fo=31, routed)          1.609     5.130    clk_IBUF_BUFG
    SLICE_X63Y72         FDCE                                         r  clk_counter_reg[9]/C
  -------------------------------------------------------------------    -------------------
    SLICE_X63Y72         FDCE (Prop_fdce_C_Q)         0.419     5.549 r  clk_counter_reg[9]/Q
                         net (fo=3, routed)           0.826     6.375    clk_counter_reg_n_0_[9]
    SLICE_X63Y72         LUT4 (Prop_lut4_I3_O)        0.326     6.701 r  clk_counter[25]_i_7/O
                         net (fo=1, routed)           0.812     7.513    clk_counter[25]_i_7_n_0
    SLICE_X63Y73         LUT6 (Prop_lut6_I3_O)        0.327     7.840 f  clk_counter[25]_i_2/O
                         net (fo=29, routed)          0.851     8.691    bit_index[0]
    SLICE_X63Y70         LUT2 (Prop_lut2_I0_O)        0.124     8.815 r  clk_counter[2]_i_1/O
                         net (fo=1, routed)           0.000     8.815    clk_counter[2]
    SLICE_X63Y70         FDCE                                         r  clk_counter_reg[2]/D
  -------------------------------------------------------------------    -------------------

                         (clock sys_clk_pin rise edge)
                                                     10.000    10.000 r  
    W5                                                0.000    10.000 r  clk (IN)
                         net (fo=0)                   0.000    10.000    clk
    W5                   IBUF (Prop_ibuf_I_O)         1.388    11.388 r  clk_IBUF_inst/O
                         net (fo=1, routed)           1.862    13.250    clk_IBUF
    BUFGCTRL_X0Y0        BUFG (Prop_bufg_I_O)         0.091    13.341 r  clk_IBUF_BUFG_inst/O
                         net (fo=31, routed)          1.498    14.839    clk_IBUF_BUFG
    SLICE_X63Y70         FDCE                                         r  clk_counter_reg[2]/C
                         clock pessimism              0.272    15.111    
                         clock uncertainty           -0.035    15.076    
    SLICE_X63Y70         FDCE (Setup_fdce_C_D)        0.029    15.105    clk_counter_reg[2]
  -------------------------------------------------------------------
                         required time                         15.105    
                         arrival time                          -8.815    
  -------------------------------------------------------------------
                         slack                                  6.290    





Min Delay Paths
--------------------------------------------------------------------------------------
Slack (MET) :             0.263ns  (arrival time - required time)
  Source:                 clk_counter_reg[0]/C
                            (rising edge-triggered cell FDCE clocked by sys_clk_pin  {rise@0.000ns fall@5.000ns period=10.000ns})
  Destination:            clk_counter_reg[0]/D
                            (rising edge-triggered cell FDCE clocked by sys_clk_pin  {rise@0.000ns fall@5.000ns period=10.000ns})
  Path Group:             sys_clk_pin
  Path Type:              Hold (Min at Fast Process Corner)
  Requirement:            0.000ns  (sys_clk_pin rise@0.000ns - sys_clk_pin rise@0.000ns)
  Data Path Delay:        0.354ns  (logic 0.186ns (52.507%)  route 0.168ns (47.493%))
  Logic Levels:           1  (LUT1=1)
  Clock Path Skew:        0.000ns (DCD - SCD - CPR)
    Destination Clock Delay (DCD):    1.974ns
    Source Clock Delay      (SCD):    1.463ns
    Clock Pessimism Removal (CPR):    0.511ns

    Location             Delay type                Incr(ns)  Path(ns)    Netlist Resource(s)
  -------------------------------------------------------------------    -------------------
                         (clock sys_clk_pin rise edge)
                                                      0.000     0.000 r  
    W5                                                0.000     0.000 r  clk (IN)
                         net (fo=0)                   0.000     0.000    clk
    W5                   IBUF (Prop_ibuf_I_O)         0.226     0.226 r  clk_IBUF_inst/O
                         net (fo=1, routed)           0.631     0.858    clk_IBUF
    BUFGCTRL_X0Y0        BUFG (Prop_bufg_I_O)         0.026     0.884 r  clk_IBUF_BUFG_inst/O
                         net (fo=31, routed)          0.580     1.463    clk_IBUF_BUFG
    SLICE_X61Y73         FDCE                                         r  clk_counter_reg[0]/C
  -------------------------------------------------------------------    -------------------
    SLICE_X61Y73         FDCE (Prop_fdce_C_Q)         0.141     1.604 f  clk_counter_reg[0]/Q
                         net (fo=4, routed)           0.168     1.772    clk_counter_reg_n_0_[0]
    SLICE_X61Y73         LUT1 (Prop_lut1_I0_O)        0.045     1.817 r  clk_counter[0]_i_1/O
                         net (fo=1, routed)           0.000     1.817    clk_counter[0]
    SLICE_X61Y73         FDCE                                         r  clk_counter_reg[0]/D
  -------------------------------------------------------------------    -------------------

                         (clock sys_clk_pin rise edge)
                                                      0.000     0.000 r  
    W5                                                0.000     0.000 r  clk (IN)
                         net (fo=0)                   0.000     0.000    clk
    W5                   IBUF (Prop_ibuf_I_O)         0.414     0.414 r  clk_IBUF_inst/O
                         net (fo=1, routed)           0.685     1.099    clk_IBUF
    BUFGCTRL_X0Y0        BUFG (Prop_bufg_I_O)         0.029     1.128 r  clk_IBUF_BUFG_inst/O
                         net (fo=31, routed)          0.846     1.974    clk_IBUF_BUFG
    SLICE_X61Y73         FDCE                                         r  clk_counter_reg[0]/C
                         clock pessimism             -0.511     1.463    
    SLICE_X61Y73         FDCE (Hold_fdce_C_D)         0.091     1.554    clk_counter_reg[0]
  -------------------------------------------------------------------
                         required time                         -1.554    
                         arrival time                           1.817    
  -------------------------------------------------------------------
                         slack                                  0.263    

Slack (MET) :             0.266ns  (arrival time - required time)
  Source:                 level_reg/C
                            (rising edge-triggered cell FDCE clocked by sys_clk_pin  {rise@0.000ns fall@5.000ns period=10.000ns})
  Destination:            level_reg/D
                            (rising edge-triggered cell FDCE clocked by sys_clk_pin  {rise@0.000ns fall@5.000ns period=10.000ns})
  Path Group:             sys_clk_pin
  Path Type:              Hold (Min at Fast Process Corner)
  Requirement:            0.000ns  (sys_clk_pin rise@0.000ns - sys_clk_pin rise@0.000ns)
  Data Path Delay:        0.358ns  (logic 0.186ns (51.887%)  route 0.172ns (48.113%))
  Logic Levels:           1  (LUT6=1)
  Clock Path Skew:        0.000ns (DCD - SCD - CPR)
    Destination Clock Delay (DCD):    1.978ns
    Source Clock Delay      (SCD):    1.466ns
    Clock Pessimism Removal (CPR):    0.512ns

    Location             Delay type                Incr(ns)  Path(ns)    Netlist Resource(s)
  -------------------------------------------------------------------    -------------------
                         (clock sys_clk_pin rise edge)
                                                      0.000     0.000 r  
    W5                                                0.000     0.000 r  clk (IN)
                         net (fo=0)                   0.000     0.000    clk
    W5                   IBUF (Prop_ibuf_I_O)         0.226     0.226 r  clk_IBUF_inst/O
                         net (fo=1, routed)           0.631     0.858    clk_IBUF
    BUFGCTRL_X0Y0        BUFG (Prop_bufg_I_O)         0.026     0.884 r  clk_IBUF_BUFG_inst/O
                         net (fo=31, routed)          0.583     1.466    clk_IBUF_BUFG
    SLICE_X63Y72         FDCE                                         r  level_reg/C
  -------------------------------------------------------------------    -------------------
    SLICE_X63Y72         FDCE (Prop_fdce_C_Q)         0.141     1.607 r  level_reg/Q
                         net (fo=2, routed)           0.172     1.780    nrz_out_OBUF
    SLICE_X63Y72         LUT6 (Prop_lut6_I5_O)        0.045     1.825 r  level_i_1/O
                         net (fo=1, routed)           0.000     1.825    level_i_1_n_0
    SLICE_X63Y72         FDCE                                         r  level_reg/D
  -------------------------------------------------------------------    -------------------

                         (clock sys_clk_pin rise edge)
                                                      0.000     0.000 r  
    W5                                                0.000     0.000 r  clk (IN)
                         net (fo=0)                   0.000     0.000    clk
    W5                   IBUF (Prop_ibuf_I_O)         0.414     0.414 r  clk_IBUF_inst/O
                         net (fo=1, routed)           0.685     1.099    clk_IBUF
    BUFGCTRL_X0Y0        BUFG (Prop_bufg_I_O)         0.029     1.128 r  clk_IBUF_BUFG_inst/O
                         net (fo=31, routed)          0.850     1.978    clk_IBUF_BUFG
    SLICE_X63Y72         FDCE                                         r  level_reg/C
                         clock pessimism             -0.512     1.466    
    SLICE_X63Y72         FDCE (Hold_fdce_C_D)         0.092     1.558    level_reg
  -------------------------------------------------------------------
                         required time                         -1.558    
                         arrival time                           1.825    
  -------------------------------------------------------------------
                         slack                                  0.266    

Slack (MET) :             0.281ns  (arrival time - required time)
  Source:                 bit_index_reg[1]/C
                            (rising edge-triggered cell FDCE clocked by sys_clk_pin  {rise@0.000ns fall@5.000ns period=10.000ns})
  Destination:            bit_index_reg[1]/D
                            (rising edge-triggered cell FDCE clocked by sys_clk_pin  {rise@0.000ns fall@5.000ns period=10.000ns})
  Path Group:             sys_clk_pin
  Path Type:              Hold (Min at Fast Process Corner)
  Requirement:            0.000ns  (sys_clk_pin rise@0.000ns - sys_clk_pin rise@0.000ns)
  Data Path Delay:        0.412ns  (logic 0.249ns (60.396%)  route 0.163ns (39.604%))
  Logic Levels:           1  (LUT2=1)
  Clock Path Skew:        0.000ns (DCD - SCD - CPR)
    Destination Clock Delay (DCD):    1.976ns
    Source Clock Delay      (SCD):    1.464ns
    Clock Pessimism Removal (CPR):    0.512ns

    Location             Delay type                Incr(ns)  Path(ns)    Netlist Resource(s)
  -------------------------------------------------------------------    -------------------
                         (clock sys_clk_pin rise edge)
                                                      0.000     0.000 r  
    W5                                                0.000     0.000 r  clk (IN)
                         net (fo=0)                   0.000     0.000    clk
    W5                   IBUF (Prop_ibuf_I_O)         0.226     0.226 r  clk_IBUF_inst/O
                         net (fo=1, routed)           0.631     0.858    clk_IBUF
    BUFGCTRL_X0Y0        BUFG (Prop_bufg_I_O)         0.026     0.884 r  clk_IBUF_BUFG_inst/O
                         net (fo=31, routed)          0.581     1.464    clk_IBUF_BUFG
    SLICE_X64Y73         FDCE                                         r  bit_index_reg[1]/C
  -------------------------------------------------------------------    -------------------
    SLICE_X64Y73         FDCE (Prop_fdce_C_Q)         0.148     1.612 r  bit_index_reg[1]/Q
                         net (fo=6, routed)           0.163     1.776    bit_index_out_OBUF[1]
    SLICE_X64Y73         LUT2 (Prop_lut2_I0_O)        0.101     1.877 r  bit_index[1]_i_1/O
                         net (fo=1, routed)           0.000     1.877    bit_index[1]_i_1_n_0
    SLICE_X64Y73         FDCE                                         r  bit_index_reg[1]/D
  -------------------------------------------------------------------    -------------------

                         (clock sys_clk_pin rise edge)
                                                      0.000     0.000 r  
    W5                                                0.000     0.000 r  clk (IN)
                         net (fo=0)                   0.000     0.000    clk
    W5                   IBUF (Prop_ibuf_I_O)         0.414     0.414 r  clk_IBUF_inst/O
                         net (fo=1, routed)           0.685     1.099    clk_IBUF
    BUFGCTRL_X0Y0        BUFG (Prop_bufg_I_O)         0.029     1.128 r  clk_IBUF_BUFG_inst/O
                         net (fo=31, routed)          0.848     1.976    clk_IBUF_BUFG
    SLICE_X64Y73         FDCE                                         r  bit_index_reg[1]/C
                         clock pessimism             -0.512     1.464    
    SLICE_X64Y73         FDCE (Hold_fdce_C_D)         0.131     1.595    bit_index_reg[1]
  -------------------------------------------------------------------
                         required time                         -1.595    
                         arrival time                           1.877    
  -------------------------------------------------------------------
                         slack                                  0.281    

Slack (MET) :             0.291ns  (arrival time - required time)
  Source:                 bit_index_reg[3]/C
                            (rising edge-triggered cell FDCE clocked by sys_clk_pin  {rise@0.000ns fall@5.000ns period=10.000ns})
  Destination:            bit_index_reg[3]/D
                            (rising edge-triggered cell FDCE clocked by sys_clk_pin  {rise@0.000ns fall@5.000ns period=10.000ns})
  Path Group:             sys_clk_pin
  Path Type:              Hold (Min at Fast Process Corner)
  Requirement:            0.000ns  (sys_clk_pin rise@0.000ns - sys_clk_pin rise@0.000ns)
  Data Path Delay:        0.422ns  (logic 0.249ns (58.976%)  route 0.173ns (41.024%))
  Logic Levels:           1  (LUT4=1)
  Clock Path Skew:        0.000ns (DCD - SCD - CPR)
    Destination Clock Delay (DCD):    1.989ns
    Source Clock Delay      (SCD):    1.474ns
    Clock Pessimism Removal (CPR):    0.515ns

    Location             Delay type                Incr(ns)  Path(ns)    Netlist Resource(s)
  -------------------------------------------------------------------    -------------------
                         (clock sys_clk_pin rise edge)
                                                      0.000     0.000 r  
    W5                                                0.000     0.000 r  clk (IN)
                         net (fo=0)                   0.000     0.000    clk
    W5                   IBUF (Prop_ibuf_I_O)         0.226     0.226 r  clk_IBUF_inst/O
                         net (fo=1, routed)           0.631     0.858    clk_IBUF
    BUFGCTRL_X0Y0        BUFG (Prop_bufg_I_O)         0.026     0.884 r  clk_IBUF_BUFG_inst/O
                         net (fo=31, routed)          0.591     1.474    clk_IBUF_BUFG
    SLICE_X64Y61         FDCE                                         r  bit_index_reg[3]/C
  -------------------------------------------------------------------    -------------------
    SLICE_X64Y61         FDCE (Prop_fdce_C_Q)         0.148     1.622 r  bit_index_reg[3]/Q
                         net (fo=6, routed)           0.173     1.795    bit_index_out_OBUF[3]
    SLICE_X64Y61         LUT4 (Prop_lut4_I3_O)        0.101     1.896 r  bit_index[3]_i_2/O
                         net (fo=1, routed)           0.000     1.896    bit_index[3]_i_2_n_0
    SLICE_X64Y61         FDCE                                         r  bit_index_reg[3]/D
  -------------------------------------------------------------------    -------------------

                         (clock sys_clk_pin rise edge)
                                                      0.000     0.000 r  
    W5                                                0.000     0.000 r  clk (IN)
                         net (fo=0)                   0.000     0.000    clk
    W5                   IBUF (Prop_ibuf_I_O)         0.414     0.414 r  clk_IBUF_inst/O
                         net (fo=1, routed)           0.685     1.099    clk_IBUF
    BUFGCTRL_X0Y0        BUFG (Prop_bufg_I_O)         0.029     1.128 r  clk_IBUF_BUFG_inst/O
                         net (fo=31, routed)          0.861     1.989    clk_IBUF_BUFG
    SLICE_X64Y61         FDCE                                         r  bit_index_reg[3]/C
                         clock pessimism             -0.515     1.474    
    SLICE_X64Y61         FDCE (Hold_fdce_C_D)         0.131     1.605    bit_index_reg[3]
  -------------------------------------------------------------------
                         required time                         -1.605    
                         arrival time                           1.896    
  -------------------------------------------------------------------
                         slack                                  0.291    

Slack (MET) :             0.498ns  (arrival time - required time)
  Source:                 clk_counter_reg[23]/C
                            (rising edge-triggered cell FDCE clocked by sys_clk_pin  {rise@0.000ns fall@5.000ns period=10.000ns})
  Destination:            clk_counter_reg[23]/D
                            (rising edge-triggered cell FDCE clocked by sys_clk_pin  {rise@0.000ns fall@5.000ns period=10.000ns})
  Path Group:             sys_clk_pin
  Path Type:              Hold (Min at Fast Process Corner)
  Requirement:            0.000ns  (sys_clk_pin rise@0.000ns - sys_clk_pin rise@0.000ns)
  Data Path Delay:        0.590ns  (logic 0.360ns (60.972%)  route 0.230ns (39.028%))
  Logic Levels:           2  (CARRY4=1 LUT2=1)
  Clock Path Skew:        0.000ns (DCD - SCD - CPR)
    Destination Clock Delay (DCD):    1.975ns
    Source Clock Delay      (SCD):    1.463ns
    Clock Pessimism Removal (CPR):    0.512ns

    Location             Delay type                Incr(ns)  Path(ns)    Netlist Resource(s)
  -------------------------------------------------------------------    -------------------
                         (clock sys_clk_pin rise edge)
                                                      0.000     0.000 r  
    W5                                                0.000     0.000 r  clk (IN)
                         net (fo=0)                   0.000     0.000    clk
    W5                   IBUF (Prop_ibuf_I_O)         0.226     0.226 r  clk_IBUF_inst/O
                         net (fo=1, routed)           0.631     0.858    clk_IBUF
    BUFGCTRL_X0Y0        BUFG (Prop_bufg_I_O)         0.026     0.884 r  clk_IBUF_BUFG_inst/O
                         net (fo=31, routed)          0.580     1.463    clk_IBUF_BUFG
    SLICE_X63Y75         FDCE                                         r  clk_counter_reg[23]/C
  -------------------------------------------------------------------    -------------------
    SLICE_X63Y75         FDCE (Prop_fdce_C_Q)         0.141     1.604 r  clk_counter_reg[23]/Q
                         net (fo=3, routed)           0.069     1.673    clk_counter_reg_n_0_[23]
    SLICE_X62Y75         CARRY4 (Prop_carry4_S[2]_O[2])
                                                      0.111     1.784 r  clk_counter_reg[24]_i_2/O[2]
                         net (fo=1, routed)           0.161     1.946    data0[23]
    SLICE_X63Y75         LUT2 (Prop_lut2_I1_O)        0.108     2.054 r  clk_counter[23]_i_1/O
                         net (fo=1, routed)           0.000     2.054    clk_counter[23]
    SLICE_X63Y75         FDCE                                         r  clk_counter_reg[23]/D
  -------------------------------------------------------------------    -------------------

                         (clock sys_clk_pin rise edge)
                                                      0.000     0.000 r  
    W5                                                0.000     0.000 r  clk (IN)
                         net (fo=0)                   0.000     0.000    clk
    W5                   IBUF (Prop_ibuf_I_O)         0.414     0.414 r  clk_IBUF_inst/O
                         net (fo=1, routed)           0.685     1.099    clk_IBUF
    BUFGCTRL_X0Y0        BUFG (Prop_bufg_I_O)         0.029     1.128 r  clk_IBUF_BUFG_inst/O
                         net (fo=31, routed)          0.847     1.975    clk_IBUF_BUFG
    SLICE_X63Y75         FDCE                                         r  clk_counter_reg[23]/C
                         clock pessimism             -0.512     1.463    
    SLICE_X63Y75         FDCE (Hold_fdce_C_D)         0.092     1.555    clk_counter_reg[23]
  -------------------------------------------------------------------
                         required time                         -1.555    
                         arrival time                           2.054    
  -------------------------------------------------------------------
                         slack                                  0.498    

Slack (MET) :             0.500ns  (arrival time - required time)
  Source:                 clk_counter_reg[7]/C
                            (rising edge-triggered cell FDCE clocked by sys_clk_pin  {rise@0.000ns fall@5.000ns period=10.000ns})
  Destination:            clk_counter_reg[7]/D
                            (rising edge-triggered cell FDCE clocked by sys_clk_pin  {rise@0.000ns fall@5.000ns period=10.000ns})
  Path Group:             sys_clk_pin
  Path Type:              Hold (Min at Fast Process Corner)
  Requirement:            0.000ns  (sys_clk_pin rise@0.000ns - sys_clk_pin rise@0.000ns)
  Data Path Delay:        0.592ns  (logic 0.360ns (60.838%)  route 0.232ns (39.162%))
  Logic Levels:           2  (CARRY4=1 LUT2=1)
  Clock Path Skew:        0.000ns (DCD - SCD - CPR)
    Destination Clock Delay (DCD):    1.979ns
    Source Clock Delay      (SCD):    1.466ns
    Clock Pessimism Removal (CPR):    0.513ns

    Location             Delay type                Incr(ns)  Path(ns)    Netlist Resource(s)
  -------------------------------------------------------------------    -------------------
                         (clock sys_clk_pin rise edge)
                                                      0.000     0.000 r  
    W5                                                0.000     0.000 r  clk (IN)
                         net (fo=0)                   0.000     0.000    clk
    W5                   IBUF (Prop_ibuf_I_O)         0.226     0.226 r  clk_IBUF_inst/O
                         net (fo=1, routed)           0.631     0.858    clk_IBUF
    BUFGCTRL_X0Y0        BUFG (Prop_bufg_I_O)         0.026     0.884 r  clk_IBUF_BUFG_inst/O
                         net (fo=31, routed)          0.583     1.466    clk_IBUF_BUFG
    SLICE_X63Y71         FDCE                                         r  clk_counter_reg[7]/C
  -------------------------------------------------------------------    -------------------
    SLICE_X63Y71         FDCE (Prop_fdce_C_Q)         0.141     1.607 r  clk_counter_reg[7]/Q
                         net (fo=3, routed)           0.071     1.678    clk_counter_reg_n_0_[7]
    SLICE_X62Y71         CARRY4 (Prop_carry4_S[2]_O[2])
                                                      0.111     1.789 r  clk_counter_reg[8]_i_2/O[2]
                         net (fo=1, routed)           0.161     1.950    data0[7]
    SLICE_X63Y71         LUT2 (Prop_lut2_I1_O)        0.108     2.058 r  clk_counter[7]_i_1/O
                         net (fo=1, routed)           0.000     2.058    clk_counter[7]
    SLICE_X63Y71         FDCE                                         r  clk_counter_reg[7]/D
  -------------------------------------------------------------------    -------------------

                         (clock sys_clk_pin rise edge)
                                                      0.000     0.000 r  
    W5                                                0.000     0.000 r  clk (IN)
                         net (fo=0)                   0.000     0.000    clk
    W5                   IBUF (Prop_ibuf_I_O)         0.414     0.414 r  clk_IBUF_inst/O
                         net (fo=1, routed)           0.685     1.099    clk_IBUF
    BUFGCTRL_X0Y0        BUFG (Prop_bufg_I_O)         0.029     1.128 r  clk_IBUF_BUFG_inst/O
                         net (fo=31, routed)          0.851     1.979    clk_IBUF_BUFG
    SLICE_X63Y71         FDCE                                         r  clk_counter_reg[7]/C
                         clock pessimism             -0.513     1.466    
    SLICE_X63Y71         FDCE (Hold_fdce_C_D)         0.092     1.558    clk_counter_reg[7]
  -------------------------------------------------------------------
                         required time                         -1.558    
                         arrival time                           2.058    
  -------------------------------------------------------------------
                         slack                                  0.500    

Slack (MET) :             0.512ns  (arrival time - required time)
  Source:                 clk_counter_reg[15]/C
                            (rising edge-triggered cell FDCE clocked by sys_clk_pin  {rise@0.000ns fall@5.000ns period=10.000ns})
  Destination:            clk_counter_reg[15]/D
                            (rising edge-triggered cell FDCE clocked by sys_clk_pin  {rise@0.000ns fall@5.000ns period=10.000ns})
  Path Group:             sys_clk_pin
  Path Type:              Hold (Min at Fast Process Corner)
  Requirement:            0.000ns  (sys_clk_pin rise@0.000ns - sys_clk_pin rise@0.000ns)
  Data Path Delay:        0.604ns  (logic 0.360ns (59.622%)  route 0.244ns (40.378%))
  Logic Levels:           2  (CARRY4=1 LUT2=1)
  Clock Path Skew:        0.000ns (DCD - SCD - CPR)
    Destination Clock Delay (DCD):    1.976ns
    Source Clock Delay      (SCD):    1.464ns
    Clock Pessimism Removal (CPR):    0.512ns

    Location             Delay type                Incr(ns)  Path(ns)    Netlist Resource(s)
  -------------------------------------------------------------------    -------------------
                         (clock sys_clk_pin rise edge)
                                                      0.000     0.000 r  
    W5                                                0.000     0.000 r  clk (IN)
                         net (fo=0)                   0.000     0.000    clk
    W5                   IBUF (Prop_ibuf_I_O)         0.226     0.226 r  clk_IBUF_inst/O
                         net (fo=1, routed)           0.631     0.858    clk_IBUF
    BUFGCTRL_X0Y0        BUFG (Prop_bufg_I_O)         0.026     0.884 r  clk_IBUF_BUFG_inst/O
                         net (fo=31, routed)          0.581     1.464    clk_IBUF_BUFG
    SLICE_X63Y73         FDCE                                         r  clk_counter_reg[15]/C
  -------------------------------------------------------------------    -------------------
    SLICE_X63Y73         FDCE (Prop_fdce_C_Q)         0.141     1.605 r  clk_counter_reg[15]/Q
                         net (fo=3, routed)           0.083     1.688    clk_counter_reg_n_0_[15]
    SLICE_X62Y73         CARRY4 (Prop_carry4_S[2]_O[2])
                                                      0.111     1.799 r  clk_counter_reg[16]_i_2/O[2]
                         net (fo=1, routed)           0.161     1.960    data0[15]
    SLICE_X63Y73         LUT2 (Prop_lut2_I1_O)        0.108     2.068 r  clk_counter[15]_i_1/O
                         net (fo=1, routed)           0.000     2.068    clk_counter[15]
    SLICE_X63Y73         FDCE                                         r  clk_counter_reg[15]/D
  -------------------------------------------------------------------    -------------------

                         (clock sys_clk_pin rise edge)
                                                      0.000     0.000 r  
    W5                                                0.000     0.000 r  clk (IN)
                         net (fo=0)                   0.000     0.000    clk
    W5                   IBUF (Prop_ibuf_I_O)         0.414     0.414 r  clk_IBUF_inst/O
                         net (fo=1, routed)           0.685     1.099    clk_IBUF
    BUFGCTRL_X0Y0        BUFG (Prop_bufg_I_O)         0.029     1.128 r  clk_IBUF_BUFG_inst/O
                         net (fo=31, routed)          0.848     1.976    clk_IBUF_BUFG
    SLICE_X63Y73         FDCE                                         r  clk_counter_reg[15]/C
                         clock pessimism             -0.512     1.464    
    SLICE_X63Y73         FDCE (Hold_fdce_C_D)         0.092     1.556    clk_counter_reg[15]
  -------------------------------------------------------------------
                         required time                         -1.556    
                         arrival time                           2.068    
  -------------------------------------------------------------------
                         slack                                  0.512    

Slack (MET) :             0.576ns  (arrival time - required time)
  Source:                 bit_index_reg[0]/C
                            (rising edge-triggered cell FDCE clocked by sys_clk_pin  {rise@0.000ns fall@5.000ns period=10.000ns})
  Destination:            bit_index_reg[2]/D
                            (rising edge-triggered cell FDCE clocked by sys_clk_pin  {rise@0.000ns fall@5.000ns period=10.000ns})
  Path Group:             sys_clk_pin
  Path Type:              Hold (Min at Fast Process Corner)
  Requirement:            0.000ns  (sys_clk_pin rise@0.000ns - sys_clk_pin rise@0.000ns)
  Data Path Delay:        0.722ns  (logic 0.209ns (28.928%)  route 0.513ns (71.072%))
  Logic Levels:           1  (LUT3=1)
  Clock Path Skew:        0.026ns (DCD - SCD - CPR)
    Destination Clock Delay (DCD):    1.989ns
    Source Clock Delay      (SCD):    1.464ns
    Clock Pessimism Removal (CPR):    0.499ns

    Location             Delay type                Incr(ns)  Path(ns)    Netlist Resource(s)
  -------------------------------------------------------------------    -------------------
                         (clock sys_clk_pin rise edge)
                                                      0.000     0.000 r  
    W5                                                0.000     0.000 r  clk (IN)
                         net (fo=0)                   0.000     0.000    clk
    W5                   IBUF (Prop_ibuf_I_O)         0.226     0.226 r  clk_IBUF_inst/O
                         net (fo=1, routed)           0.631     0.858    clk_IBUF
    BUFGCTRL_X0Y0        BUFG (Prop_bufg_I_O)         0.026     0.884 r  clk_IBUF_BUFG_inst/O
                         net (fo=31, routed)          0.581     1.464    clk_IBUF_BUFG
    SLICE_X64Y73         FDCE                                         r  bit_index_reg[0]/C
  -------------------------------------------------------------------    -------------------
    SLICE_X64Y73         FDCE (Prop_fdce_C_Q)         0.164     1.628 r  bit_index_reg[0]/Q
                         net (fo=6, routed)           0.513     2.142    bit_index_out_OBUF[0]
    SLICE_X64Y61         LUT3 (Prop_lut3_I1_O)        0.045     2.187 r  bit_index[2]_i_1/O
                         net (fo=1, routed)           0.000     2.187    bit_index[2]_i_1_n_0
    SLICE_X64Y61         FDCE                                         r  bit_index_reg[2]/D
  -------------------------------------------------------------------    -------------------

                         (clock sys_clk_pin rise edge)
                                                      0.000     0.000 r  
    W5                                                0.000     0.000 r  clk (IN)
                         net (fo=0)                   0.000     0.000    clk
    W5                   IBUF (Prop_ibuf_I_O)         0.414     0.414 r  clk_IBUF_inst/O
                         net (fo=1, routed)           0.685     1.099    clk_IBUF
    BUFGCTRL_X0Y0        BUFG (Prop_bufg_I_O)         0.029     1.128 r  clk_IBUF_BUFG_inst/O
                         net (fo=31, routed)          0.861     1.989    clk_IBUF_BUFG
    SLICE_X64Y61         FDCE                                         r  bit_index_reg[2]/C
                         clock pessimism             -0.499     1.490    
    SLICE_X64Y61         FDCE (Hold_fdce_C_D)         0.120     1.610    bit_index_reg[2]
  -------------------------------------------------------------------
                         required time                         -1.610    
                         arrival time                           2.187    
  -------------------------------------------------------------------
                         slack                                  0.576    

Slack (MET) :             0.580ns  (arrival time - required time)
  Source:                 clk_counter_reg[23]/C
                            (rising edge-triggered cell FDCE clocked by sys_clk_pin  {rise@0.000ns fall@5.000ns period=10.000ns})
  Destination:            clk_counter_reg[24]/D
                            (rising edge-triggered cell FDCE clocked by sys_clk_pin  {rise@0.000ns fall@5.000ns period=10.000ns})
  Path Group:             sys_clk_pin
  Path Type:              Hold (Min at Fast Process Corner)
  Requirement:            0.000ns  (sys_clk_pin rise@0.000ns - sys_clk_pin rise@0.000ns)
  Data Path Delay:        0.687ns  (logic 0.393ns (57.204%)  route 0.294ns (42.796%))
  Logic Levels:           2  (CARRY4=1 LUT2=1)
  Clock Path Skew:        0.000ns (DCD - SCD - CPR)
    Destination Clock Delay (DCD):    1.975ns
    Source Clock Delay      (SCD):    1.463ns
    Clock Pessimism Removal (CPR):    0.512ns

    Location             Delay type                Incr(ns)  Path(ns)    Netlist Resource(s)
  -------------------------------------------------------------------    -------------------
                         (clock sys_clk_pin rise edge)
                                                      0.000     0.000 r  
    W5                                                0.000     0.000 r  clk (IN)
                         net (fo=0)                   0.000     0.000    clk
    W5                   IBUF (Prop_ibuf_I_O)         0.226     0.226 r  clk_IBUF_inst/O
                         net (fo=1, routed)           0.631     0.858    clk_IBUF
    BUFGCTRL_X0Y0        BUFG (Prop_bufg_I_O)         0.026     0.884 r  clk_IBUF_BUFG_inst/O
                         net (fo=31, routed)          0.580     1.463    clk_IBUF_BUFG
    SLICE_X63Y75         FDCE                                         r  clk_counter_reg[23]/C
  -------------------------------------------------------------------    -------------------
    SLICE_X63Y75         FDCE (Prop_fdce_C_Q)         0.141     1.604 r  clk_counter_reg[23]/Q
                         net (fo=3, routed)           0.069     1.673    clk_counter_reg_n_0_[23]
    SLICE_X62Y75         CARRY4 (Prop_carry4_S[2]_O[3])
                                                      0.144     1.817 r  clk_counter_reg[24]_i_2/O[3]
                         net (fo=1, routed)           0.225     2.042    data0[24]
    SLICE_X63Y75         LUT2 (Prop_lut2_I1_O)        0.108     2.150 r  clk_counter[24]_i_1/O
                         net (fo=1, routed)           0.000     2.150    clk_counter[24]
    SLICE_X63Y75         FDCE                                         r  clk_counter_reg[24]/D
  -------------------------------------------------------------------    -------------------

                         (clock sys_clk_pin rise edge)
                                                      0.000     0.000 r  
    W5                                                0.000     0.000 r  clk (IN)
                         net (fo=0)                   0.000     0.000    clk
    W5                   IBUF (Prop_ibuf_I_O)         0.414     0.414 r  clk_IBUF_inst/O
                         net (fo=1, routed)           0.685     1.099    clk_IBUF
    BUFGCTRL_X0Y0        BUFG (Prop_bufg_I_O)         0.029     1.128 r  clk_IBUF_BUFG_inst/O
                         net (fo=31, routed)          0.847     1.975    clk_IBUF_BUFG
    SLICE_X63Y75         FDCE                                         r  clk_counter_reg[24]/C
                         clock pessimism             -0.512     1.463    
    SLICE_X63Y75         FDCE (Hold_fdce_C_D)         0.107     1.570    clk_counter_reg[24]
  -------------------------------------------------------------------
                         required time                         -1.570    
                         arrival time                           2.150    
  -------------------------------------------------------------------
                         slack                                  0.580    

Slack (MET) :             0.581ns  (arrival time - required time)
  Source:                 clk_counter_reg[7]/C
                            (rising edge-triggered cell FDCE clocked by sys_clk_pin  {rise@0.000ns fall@5.000ns period=10.000ns})
  Destination:            clk_counter_reg[8]/D
                            (rising edge-triggered cell FDCE clocked by sys_clk_pin  {rise@0.000ns fall@5.000ns period=10.000ns})
  Path Group:             sys_clk_pin
  Path Type:              Hold (Min at Fast Process Corner)
  Requirement:            0.000ns  (sys_clk_pin rise@0.000ns - sys_clk_pin rise@0.000ns)
  Data Path Delay:        0.688ns  (logic 0.393ns (57.096%)  route 0.295ns (42.904%))
  Logic Levels:           2  (CARRY4=1 LUT2=1)
  Clock Path Skew:        0.000ns (DCD - SCD - CPR)
    Destination Clock Delay (DCD):    1.979ns
    Source Clock Delay      (SCD):    1.466ns
    Clock Pessimism Removal (CPR):    0.513ns

    Location             Delay type                Incr(ns)  Path(ns)    Netlist Resource(s)
  -------------------------------------------------------------------    -------------------
                         (clock sys_clk_pin rise edge)
                                                      0.000     0.000 r  
    W5                                                0.000     0.000 r  clk (IN)
                         net (fo=0)                   0.000     0.000    clk
    W5                   IBUF (Prop_ibuf_I_O)         0.226     0.226 r  clk_IBUF_inst/O
                         net (fo=1, routed)           0.631     0.858    clk_IBUF
    BUFGCTRL_X0Y0        BUFG (Prop_bufg_I_O)         0.026     0.884 r  clk_IBUF_BUFG_inst/O
                         net (fo=31, routed)          0.583     1.466    clk_IBUF_BUFG
    SLICE_X63Y71         FDCE                                         r  clk_counter_reg[7]/C
  -------------------------------------------------------------------    -------------------
    SLICE_X63Y71         FDCE (Prop_fdce_C_Q)         0.141     1.607 r  clk_counter_reg[7]/Q
                         net (fo=3, routed)           0.071     1.678    clk_counter_reg_n_0_[7]
    SLICE_X62Y71         CARRY4 (Prop_carry4_S[2]_O[3])
                                                      0.144     1.822 r  clk_counter_reg[8]_i_2/O[3]
                         net (fo=1, routed)           0.225     2.047    data0[8]
    SLICE_X63Y71         LUT2 (Prop_lut2_I1_O)        0.108     2.155 r  clk_counter[8]_i_1/O
                         net (fo=1, routed)           0.000     2.155    clk_counter[8]
    SLICE_X63Y71         FDCE                                         r  clk_counter_reg[8]/D
  -------------------------------------------------------------------    -------------------

                         (clock sys_clk_pin rise edge)
                                                      0.000     0.000 r  
    W5                                                0.000     0.000 r  clk (IN)
                         net (fo=0)                   0.000     0.000    clk
    W5                   IBUF (Prop_ibuf_I_O)         0.414     0.414 r  clk_IBUF_inst/O
                         net (fo=1, routed)           0.685     1.099    clk_IBUF
    BUFGCTRL_X0Y0        BUFG (Prop_bufg_I_O)         0.029     1.128 r  clk_IBUF_BUFG_inst/O
                         net (fo=31, routed)          0.851     1.979    clk_IBUF_BUFG
    SLICE_X63Y71         FDCE                                         r  clk_counter_reg[8]/C
                         clock pessimism             -0.513     1.466    
    SLICE_X63Y71         FDCE (Hold_fdce_C_D)         0.107     1.573    clk_counter_reg[8]
  -------------------------------------------------------------------
                         required time                         -1.573    
                         arrival time                           2.155    
  -------------------------------------------------------------------
                         slack                                  0.581    





Pulse Width Checks
--------------------------------------------------------------------------------------
Clock Name:         sys_clk_pin
Waveform(ns):       { 0.000 5.000 }
Period(ns):         10.000
Sources:            { clk }

Check Type        Corner  Lib Pin  Reference Pin  Required(ns)  Actual(ns)  Slack(ns)  Location       Pin
Min Period        n/a     BUFG/I   n/a            2.155         10.000      7.845      BUFGCTRL_X0Y0  clk_IBUF_BUFG_inst/I
Min Period        n/a     FDCE/C   n/a            1.000         10.000      9.000      SLICE_X64Y73   bit_index_reg[0]/C
Min Period        n/a     FDCE/C   n/a            1.000         10.000      9.000      SLICE_X64Y73   bit_index_reg[1]/C
Min Period        n/a     FDCE/C   n/a            1.000         10.000      9.000      SLICE_X64Y61   bit_index_reg[2]/C
Min Period        n/a     FDCE/C   n/a            1.000         10.000      9.000      SLICE_X64Y61   bit_index_reg[3]/C
Min Period        n/a     FDCE/C   n/a            1.000         10.000      9.000      SLICE_X61Y73   clk_counter_reg[0]/C
Min Period        n/a     FDCE/C   n/a            1.000         10.000      9.000      SLICE_X63Y73   clk_counter_reg[10]/C
Min Period        n/a     FDCE/C   n/a            1.000         10.000      9.000      SLICE_X63Y72   clk_counter_reg[11]/C
Min Period        n/a     FDCE/C   n/a            1.000         10.000      9.000      SLICE_X63Y72   clk_counter_reg[12]/C
Min Period        n/a     FDCE/C   n/a            1.000         10.000      9.000      SLICE_X63Y73   clk_counter_reg[13]/C
Low Pulse Width   Slow    FDCE/C   n/a            0.500         5.000       4.500      SLICE_X64Y73   bit_index_reg[0]/C
Low Pulse Width   Fast    FDCE/C   n/a            0.500         5.000       4.500      SLICE_X64Y73   bit_index_reg[0]/C
Low Pulse Width   Slow    FDCE/C   n/a            0.500         5.000       4.500      SLICE_X64Y73   bit_index_reg[1]/C
Low Pulse Width   Fast    FDCE/C   n/a            0.500         5.000       4.500      SLICE_X64Y73   bit_index_reg[1]/C
Low Pulse Width   Slow    FDCE/C   n/a            0.500         5.000       4.500      SLICE_X64Y61   bit_index_reg[2]/C
Low Pulse Width   Fast    FDCE/C   n/a            0.500         5.000       4.500      SLICE_X64Y61   bit_index_reg[2]/C
Low Pulse Width   Slow    FDCE/C   n/a            0.500         5.000       4.500      SLICE_X64Y61   bit_index_reg[3]/C
Low Pulse Width   Fast    FDCE/C   n/a            0.500         5.000       4.500      SLICE_X64Y61   bit_index_reg[3]/C
Low Pulse Width   Slow    FDCE/C   n/a            0.500         5.000       4.500      SLICE_X61Y73   clk_counter_reg[0]/C
Low Pulse Width   Fast    FDCE/C   n/a            0.500         5.000       4.500      SLICE_X61Y73   clk_counter_reg[0]/C
High Pulse Width  Slow    FDCE/C   n/a            0.500         5.000       4.500      SLICE_X64Y73   bit_index_reg[0]/C
High Pulse Width  Fast    FDCE/C   n/a            0.500         5.000       4.500      SLICE_X64Y73   bit_index_reg[0]/C
High Pulse Width  Slow    FDCE/C   n/a            0.500         5.000       4.500      SLICE_X64Y73   bit_index_reg[1]/C
High Pulse Width  Fast    FDCE/C   n/a            0.500         5.000       4.500      SLICE_X64Y73   bit_index_reg[1]/C
High Pulse Width  Slow    FDCE/C   n/a            0.500         5.000       4.500      SLICE_X64Y61   bit_index_reg[2]/C
High Pulse Width  Fast    FDCE/C   n/a            0.500         5.000       4.500      SLICE_X64Y61   bit_index_reg[2]/C
High Pulse Width  Slow    FDCE/C   n/a            0.500         5.000       4.500      SLICE_X64Y61   bit_index_reg[3]/C
High Pulse Width  Fast    FDCE/C   n/a            0.500         5.000       4.500      SLICE_X64Y61   bit_index_reg[3]/C
High Pulse Width  Slow    FDCE/C   n/a            0.500         5.000       4.500      SLICE_X61Y73   clk_counter_reg[0]/C
High Pulse Width  Fast    FDCE/C   n/a            0.500         5.000       4.500      SLICE_X61Y73   clk_counter_reg[0]/C



--------------------------------------------------------------------------------------
Path Group:  (none)
From Clock:  sys_clk_pin
  To Clock:  

Max Delay             5 Endpoints
Min Delay             5 Endpoints
--------------------------------------------------------------------------------------


Max Delay Paths
--------------------------------------------------------------------------------------
Slack:                    inf
  Source:                 level_reg/C
                            (rising edge-triggered cell FDCE clocked by sys_clk_pin  {rise@0.000ns fall@5.000ns period=10.000ns})
  Destination:            nrz_out
                            (output port)
  Path Group:             (none)
  Path Type:              Max at Slow Process Corner
  Data Path Delay:        9.260ns  (logic 3.961ns (42.771%)  route 5.300ns (57.229%))
  Logic Levels:           1  (OBUF=1)
  Clock Uncertainty:      0.025ns  ((TSJ^2 + TIJ^2)^1/2 + DJ) / 2 + PE
    Total System Jitter     (TSJ):    0.050ns
    Total Input Jitter      (TIJ):    0.000ns
    Discrete Jitter          (DJ):    0.000ns
    Phase Error              (PE):    0.000ns

    Location             Delay type                Incr(ns)  Path(ns)    Netlist Resource(s)
  -------------------------------------------------------------------    -------------------
                         (clock sys_clk_pin rise edge)
                                                      0.000     0.000 r  
    W5                                                0.000     0.000 r  clk (IN)
                         net (fo=0)                   0.000     0.000    clk
    W5                   IBUF (Prop_ibuf_I_O)         1.458     1.458 r  clk_IBUF_inst/O
                         net (fo=1, routed)           1.967     3.425    clk_IBUF
    BUFGCTRL_X0Y0        BUFG (Prop_bufg_I_O)         0.096     3.521 r  clk_IBUF_BUFG_inst/O
                         net (fo=31, routed)          1.609     5.130    clk_IBUF_BUFG
    SLICE_X63Y72         FDCE                                         r  level_reg/C
  -------------------------------------------------------------------    -------------------
    SLICE_X63Y72         FDCE (Prop_fdce_C_Q)         0.456     5.586 r  level_reg/Q
                         net (fo=2, routed)           5.300    10.885    nrz_out_OBUF
    U16                  OBUF (Prop_obuf_I_O)         3.505    14.390 r  nrz_out_OBUF_inst/O
                         net (fo=0)                   0.000    14.390    nrz_out
    U16                                                               r  nrz_out (OUT)
  -------------------------------------------------------------------    -------------------

Slack:                    inf
  Source:                 bit_index_reg[3]/C
                            (rising edge-triggered cell FDCE clocked by sys_clk_pin  {rise@0.000ns fall@5.000ns period=10.000ns})
  Destination:            bit_index_out[3]
                            (output port)
  Path Group:             (none)
  Path Type:              Max at Slow Process Corner
  Data Path Delay:        6.826ns  (logic 4.170ns (61.101%)  route 2.655ns (38.899%))
  Logic Levels:           1  (OBUF=1)
  Clock Uncertainty:      0.025ns  ((TSJ^2 + TIJ^2)^1/2 + DJ) / 2 + PE
    Total System Jitter     (TSJ):    0.050ns
    Total Input Jitter      (TIJ):    0.000ns
    Discrete Jitter          (DJ):    0.000ns
    Phase Error              (PE):    0.000ns

    Location             Delay type                Incr(ns)  Path(ns)    Netlist Resource(s)
  -------------------------------------------------------------------    -------------------
                         (clock sys_clk_pin rise edge)
                                                      0.000     0.000 r  
    W5                                                0.000     0.000 r  clk (IN)
                         net (fo=0)                   0.000     0.000    clk
    W5                   IBUF (Prop_ibuf_I_O)         1.458     1.458 r  clk_IBUF_inst/O
                         net (fo=1, routed)           1.967     3.425    clk_IBUF
    BUFGCTRL_X0Y0        BUFG (Prop_bufg_I_O)         0.096     3.521 r  clk_IBUF_BUFG_inst/O
                         net (fo=31, routed)          1.623     5.144    clk_IBUF_BUFG
    SLICE_X64Y61         FDCE                                         r  bit_index_reg[3]/C
  -------------------------------------------------------------------    -------------------
    SLICE_X64Y61         FDCE (Prop_fdce_C_Q)         0.478     5.622 r  bit_index_reg[3]/Q
                         net (fo=6, routed)           2.655     8.277    bit_index_out_OBUF[3]
    L1                   OBUF (Prop_obuf_I_O)         3.692    11.969 r  bit_index_out_OBUF[3]_inst/O
                         net (fo=0)                   0.000    11.969    bit_index_out[3]
    L1                                                                r  bit_index_out[3] (OUT)
  -------------------------------------------------------------------    -------------------

Slack:                    inf
  Source:                 bit_index_reg[1]/C
                            (rising edge-triggered cell FDCE clocked by sys_clk_pin  {rise@0.000ns fall@5.000ns period=10.000ns})
  Destination:            bit_index_out[1]
                            (output port)
  Path Group:             (none)
  Path Type:              Max at Slow Process Corner
  Data Path Delay:        6.026ns  (logic 4.156ns (68.979%)  route 1.869ns (31.021%))
  Logic Levels:           1  (OBUF=1)
  Clock Uncertainty:      0.025ns  ((TSJ^2 + TIJ^2)^1/2 + DJ) / 2 + PE
    Total System Jitter     (TSJ):    0.050ns
    Total Input Jitter      (TIJ):    0.000ns
    Discrete Jitter          (DJ):    0.000ns
    Phase Error              (PE):    0.000ns

    Location             Delay type                Incr(ns)  Path(ns)    Netlist Resource(s)
  -------------------------------------------------------------------    -------------------
                         (clock sys_clk_pin rise edge)
                                                      0.000     0.000 r  
    W5                                                0.000     0.000 r  clk (IN)
                         net (fo=0)                   0.000     0.000    clk
    W5                   IBUF (Prop_ibuf_I_O)         1.458     1.458 r  clk_IBUF_inst/O
                         net (fo=1, routed)           1.967     3.425    clk_IBUF
    BUFGCTRL_X0Y0        BUFG (Prop_bufg_I_O)         0.096     3.521 r  clk_IBUF_BUFG_inst/O
                         net (fo=31, routed)          1.608     5.129    clk_IBUF_BUFG
    SLICE_X64Y73         FDCE                                         r  bit_index_reg[1]/C
  -------------------------------------------------------------------    -------------------
    SLICE_X64Y73         FDCE (Prop_fdce_C_Q)         0.478     5.607 r  bit_index_reg[1]/Q
                         net (fo=6, routed)           1.869     7.476    bit_index_out_OBUF[1]
    N3                   OBUF (Prop_obuf_I_O)         3.678    11.154 r  bit_index_out_OBUF[1]_inst/O
                         net (fo=0)                   0.000    11.154    bit_index_out[1]
    N3                                                                r  bit_index_out[1] (OUT)
  -------------------------------------------------------------------    -------------------

Slack:                    inf
  Source:                 bit_index_reg[0]/C
                            (rising edge-triggered cell FDCE clocked by sys_clk_pin  {rise@0.000ns fall@5.000ns period=10.000ns})
  Destination:            bit_index_out[0]
                            (output port)
  Path Group:             (none)
  Path Type:              Max at Slow Process Corner
  Data Path Delay:        5.928ns  (logic 4.036ns (68.089%)  route 1.892ns (31.911%))
  Logic Levels:           1  (OBUF=1)
  Clock Uncertainty:      0.025ns  ((TSJ^2 + TIJ^2)^1/2 + DJ) / 2 + PE
    Total System Jitter     (TSJ):    0.050ns
    Total Input Jitter      (TIJ):    0.000ns
    Discrete Jitter          (DJ):    0.000ns
    Phase Error              (PE):    0.000ns

    Location             Delay type                Incr(ns)  Path(ns)    Netlist Resource(s)
  -------------------------------------------------------------------    -------------------
                         (clock sys_clk_pin rise edge)
                                                      0.000     0.000 r  
    W5                                                0.000     0.000 r  clk (IN)
                         net (fo=0)                   0.000     0.000    clk
    W5                   IBUF (Prop_ibuf_I_O)         1.458     1.458 r  clk_IBUF_inst/O
                         net (fo=1, routed)           1.967     3.425    clk_IBUF
    BUFGCTRL_X0Y0        BUFG (Prop_bufg_I_O)         0.096     3.521 r  clk_IBUF_BUFG_inst/O
                         net (fo=31, routed)          1.608     5.129    clk_IBUF_BUFG
    SLICE_X64Y73         FDCE                                         r  bit_index_reg[0]/C
  -------------------------------------------------------------------    -------------------
    SLICE_X64Y73         FDCE (Prop_fdce_C_Q)         0.518     5.647 r  bit_index_reg[0]/Q
                         net (fo=6, routed)           1.892     7.538    bit_index_out_OBUF[0]
    P3                   OBUF (Prop_obuf_I_O)         3.518    11.057 r  bit_index_out_OBUF[0]_inst/O
                         net (fo=0)                   0.000    11.057    bit_index_out[0]
    P3                                                                r  bit_index_out[0] (OUT)
  -------------------------------------------------------------------    -------------------

Slack:                    inf
  Source:                 bit_index_reg[2]/C
                            (rising edge-triggered cell FDCE clocked by sys_clk_pin  {rise@0.000ns fall@5.000ns period=10.000ns})
  Destination:            bit_index_out[2]
                            (output port)
  Path Group:             (none)
  Path Type:              Max at Slow Process Corner
  Data Path Delay:        5.713ns  (logic 4.033ns (70.600%)  route 1.680ns (29.400%))
  Logic Levels:           1  (OBUF=1)
  Clock Uncertainty:      0.025ns  ((TSJ^2 + TIJ^2)^1/2 + DJ) / 2 + PE
    Total System Jitter     (TSJ):    0.050ns
    Total Input Jitter      (TIJ):    0.000ns
    Discrete Jitter          (DJ):    0.000ns
    Phase Error              (PE):    0.000ns

    Location             Delay type                Incr(ns)  Path(ns)    Netlist Resource(s)
  -------------------------------------------------------------------    -------------------
                         (clock sys_clk_pin rise edge)
                                                      0.000     0.000 r  
    W5                                                0.000     0.000 r  clk (IN)
                         net (fo=0)                   0.000     0.000    clk
    W5                   IBUF (Prop_ibuf_I_O)         1.458     1.458 r  clk_IBUF_inst/O
                         net (fo=1, routed)           1.967     3.425    clk_IBUF
    BUFGCTRL_X0Y0        BUFG (Prop_bufg_I_O)         0.096     3.521 r  clk_IBUF_BUFG_inst/O
                         net (fo=31, routed)          1.623     5.144    clk_IBUF_BUFG
    SLICE_X64Y61         FDCE                                         r  bit_index_reg[2]/C
  -------------------------------------------------------------------    -------------------
    SLICE_X64Y61         FDCE (Prop_fdce_C_Q)         0.518     5.662 r  bit_index_reg[2]/Q
                         net (fo=7, routed)           1.680     7.342    bit_index_out_OBUF[2]
    P1                   OBUF (Prop_obuf_I_O)         3.515    10.857 r  bit_index_out_OBUF[2]_inst/O
                         net (fo=0)                   0.000    10.857    bit_index_out[2]
    P1                                                                r  bit_index_out[2] (OUT)
  -------------------------------------------------------------------    -------------------





Min Delay Paths
--------------------------------------------------------------------------------------
Slack:                    inf
  Source:                 bit_index_reg[2]/C
                            (rising edge-triggered cell FDCE clocked by sys_clk_pin  {rise@0.000ns fall@5.000ns period=10.000ns})
  Destination:            bit_index_out[2]
                            (output port)
  Path Group:             (none)
  Path Type:              Min at Fast Process Corner
  Data Path Delay:        1.727ns  (logic 1.380ns (79.928%)  route 0.347ns (20.072%))
  Logic Levels:           1  (OBUF=1)
  Clock Uncertainty:      0.025ns  ((TSJ^2 + TIJ^2)^1/2 + DJ) / 2 + PE
    Total System Jitter     (TSJ):    0.050ns
    Total Input Jitter      (TIJ):    0.000ns
    Discrete Jitter          (DJ):    0.000ns
    Phase Error              (PE):    0.000ns

    Location             Delay type                Incr(ns)  Path(ns)    Netlist Resource(s)
  -------------------------------------------------------------------    -------------------
                         (clock sys_clk_pin rise edge)
                                                      0.000     0.000 r  
    W5                                                0.000     0.000 r  clk (IN)
                         net (fo=0)                   0.000     0.000    clk
    W5                   IBUF (Prop_ibuf_I_O)         0.226     0.226 r  clk_IBUF_inst/O
                         net (fo=1, routed)           0.631     0.858    clk_IBUF
    BUFGCTRL_X0Y0        BUFG (Prop_bufg_I_O)         0.026     0.884 r  clk_IBUF_BUFG_inst/O
                         net (fo=31, routed)          0.591     1.474    clk_IBUF_BUFG
    SLICE_X64Y61         FDCE                                         r  bit_index_reg[2]/C
  -------------------------------------------------------------------    -------------------
    SLICE_X64Y61         FDCE (Prop_fdce_C_Q)         0.164     1.638 r  bit_index_reg[2]/Q
                         net (fo=7, routed)           0.347     1.985    bit_index_out_OBUF[2]
    P1                   OBUF (Prop_obuf_I_O)         1.216     3.201 r  bit_index_out_OBUF[2]_inst/O
                         net (fo=0)                   0.000     3.201    bit_index_out[2]
    P1                                                                r  bit_index_out[2] (OUT)
  -------------------------------------------------------------------    -------------------

Slack:                    inf
  Source:                 bit_index_reg[0]/C
                            (rising edge-triggered cell FDCE clocked by sys_clk_pin  {rise@0.000ns fall@5.000ns period=10.000ns})
  Destination:            bit_index_out[0]
                            (output port)
  Path Group:             (none)
  Path Type:              Min at Fast Process Corner
  Data Path Delay:        1.860ns  (logic 1.383ns (74.372%)  route 0.477ns (25.628%))
  Logic Levels:           1  (OBUF=1)
  Clock Uncertainty:      0.025ns  ((TSJ^2 + TIJ^2)^1/2 + DJ) / 2 + PE
    Total System Jitter     (TSJ):    0.050ns
    Total Input Jitter      (TIJ):    0.000ns
    Discrete Jitter          (DJ):    0.000ns
    Phase Error              (PE):    0.000ns

    Location             Delay type                Incr(ns)  Path(ns)    Netlist Resource(s)
  -------------------------------------------------------------------    -------------------
                         (clock sys_clk_pin rise edge)
                                                      0.000     0.000 r  
    W5                                                0.000     0.000 r  clk (IN)
                         net (fo=0)                   0.000     0.000    clk
    W5                   IBUF (Prop_ibuf_I_O)         0.226     0.226 r  clk_IBUF_inst/O
                         net (fo=1, routed)           0.631     0.858    clk_IBUF
    BUFGCTRL_X0Y0        BUFG (Prop_bufg_I_O)         0.026     0.884 r  clk_IBUF_BUFG_inst/O
                         net (fo=31, routed)          0.581     1.464    clk_IBUF_BUFG
    SLICE_X64Y73         FDCE                                         r  bit_index_reg[0]/C
  -------------------------------------------------------------------    -------------------
    SLICE_X64Y73         FDCE (Prop_fdce_C_Q)         0.164     1.628 r  bit_index_reg[0]/Q
                         net (fo=6, routed)           0.477     2.105    bit_index_out_OBUF[0]
    P3                   OBUF (Prop_obuf_I_O)         1.219     3.324 r  bit_index_out_OBUF[0]_inst/O
                         net (fo=0)                   0.000     3.324    bit_index_out[0]
    P3                                                                r  bit_index_out[0] (OUT)
  -------------------------------------------------------------------    -------------------

Slack:                    inf
  Source:                 bit_index_reg[1]/C
                            (rising edge-triggered cell FDCE clocked by sys_clk_pin  {rise@0.000ns fall@5.000ns period=10.000ns})
  Destination:            bit_index_out[1]
                            (output port)
  Path Group:             (none)
  Path Type:              Min at Fast Process Corner
  Data Path Delay:        1.870ns  (logic 1.409ns (75.388%)  route 0.460ns (24.612%))
  Logic Levels:           1  (OBUF=1)
  Clock Uncertainty:      0.025ns  ((TSJ^2 + TIJ^2)^1/2 + DJ) / 2 + PE
    Total System Jitter     (TSJ):    0.050ns
    Total Input Jitter      (TIJ):    0.000ns
    Discrete Jitter          (DJ):    0.000ns
    Phase Error              (PE):    0.000ns

    Location             Delay type                Incr(ns)  Path(ns)    Netlist Resource(s)
  -------------------------------------------------------------------    -------------------
                         (clock sys_clk_pin rise edge)
                                                      0.000     0.000 r  
    W5                                                0.000     0.000 r  clk (IN)
                         net (fo=0)                   0.000     0.000    clk
    W5                   IBUF (Prop_ibuf_I_O)         0.226     0.226 r  clk_IBUF_inst/O
                         net (fo=1, routed)           0.631     0.858    clk_IBUF
    BUFGCTRL_X0Y0        BUFG (Prop_bufg_I_O)         0.026     0.884 r  clk_IBUF_BUFG_inst/O
                         net (fo=31, routed)          0.581     1.464    clk_IBUF_BUFG
    SLICE_X64Y73         FDCE                                         r  bit_index_reg[1]/C
  -------------------------------------------------------------------    -------------------
    SLICE_X64Y73         FDCE (Prop_fdce_C_Q)         0.148     1.612 r  bit_index_reg[1]/Q
                         net (fo=6, routed)           0.460     2.072    bit_index_out_OBUF[1]
    N3                   OBUF (Prop_obuf_I_O)         1.261     3.334 r  bit_index_out_OBUF[1]_inst/O
                         net (fo=0)                   0.000     3.334    bit_index_out[1]
    N3                                                                r  bit_index_out[1] (OUT)
  -------------------------------------------------------------------    -------------------

Slack:                    inf
  Source:                 bit_index_reg[3]/C
                            (rising edge-triggered cell FDCE clocked by sys_clk_pin  {rise@0.000ns fall@5.000ns period=10.000ns})
  Destination:            bit_index_out[3]
                            (output port)
  Path Group:             (none)
  Path Type:              Min at Fast Process Corner
  Data Path Delay:        2.202ns  (logic 1.423ns (64.627%)  route 0.779ns (35.373%))
  Logic Levels:           1  (OBUF=1)
  Clock Uncertainty:      0.025ns  ((TSJ^2 + TIJ^2)^1/2 + DJ) / 2 + PE
    Total System Jitter     (TSJ):    0.050ns
    Total Input Jitter      (TIJ):    0.000ns
    Discrete Jitter          (DJ):    0.000ns
    Phase Error              (PE):    0.000ns

    Location             Delay type                Incr(ns)  Path(ns)    Netlist Resource(s)
  -------------------------------------------------------------------    -------------------
                         (clock sys_clk_pin rise edge)
                                                      0.000     0.000 r  
    W5                                                0.000     0.000 r  clk (IN)
                         net (fo=0)                   0.000     0.000    clk
    W5                   IBUF (Prop_ibuf_I_O)         0.226     0.226 r  clk_IBUF_inst/O
                         net (fo=1, routed)           0.631     0.858    clk_IBUF
    BUFGCTRL_X0Y0        BUFG (Prop_bufg_I_O)         0.026     0.884 r  clk_IBUF_BUFG_inst/O
                         net (fo=31, routed)          0.591     1.474    clk_IBUF_BUFG
    SLICE_X64Y61         FDCE                                         r  bit_index_reg[3]/C
  -------------------------------------------------------------------    -------------------
    SLICE_X64Y61         FDCE (Prop_fdce_C_Q)         0.148     1.622 r  bit_index_reg[3]/Q
                         net (fo=6, routed)           0.779     2.401    bit_index_out_OBUF[3]
    L1                   OBUF (Prop_obuf_I_O)         1.275     3.677 r  bit_index_out_OBUF[3]_inst/O
                         net (fo=0)                   0.000     3.677    bit_index_out[3]
    L1                                                                r  bit_index_out[3] (OUT)
  -------------------------------------------------------------------    -------------------

Slack:                    inf
  Source:                 level_reg/C
                            (rising edge-triggered cell FDCE clocked by sys_clk_pin  {rise@0.000ns fall@5.000ns period=10.000ns})
  Destination:            nrz_out
                            (output port)
  Path Group:             (none)
  Path Type:              Min at Fast Process Corner
  Data Path Delay:        3.379ns  (logic 1.347ns (39.867%)  route 2.032ns (60.133%))
  Logic Levels:           1  (OBUF=1)
  Clock Uncertainty:      0.025ns  ((TSJ^2 + TIJ^2)^1/2 + DJ) / 2 + PE
    Total System Jitter     (TSJ):    0.050ns
    Total Input Jitter      (TIJ):    0.000ns
    Discrete Jitter          (DJ):    0.000ns
    Phase Error              (PE):    0.000ns

    Location             Delay type                Incr(ns)  Path(ns)    Netlist Resource(s)
  -------------------------------------------------------------------    -------------------
                         (clock sys_clk_pin rise edge)
                                                      0.000     0.000 r  
    W5                                                0.000     0.000 r  clk (IN)
                         net (fo=0)                   0.000     0.000    clk
    W5                   IBUF (Prop_ibuf_I_O)         0.226     0.226 r  clk_IBUF_inst/O
                         net (fo=1, routed)           0.631     0.858    clk_IBUF
    BUFGCTRL_X0Y0        BUFG (Prop_bufg_I_O)         0.026     0.884 r  clk_IBUF_BUFG_inst/O
                         net (fo=31, routed)          0.583     1.466    clk_IBUF_BUFG
    SLICE_X63Y72         FDCE                                         r  level_reg/C
  -------------------------------------------------------------------    -------------------
    SLICE_X63Y72         FDCE (Prop_fdce_C_Q)         0.141     1.607 r  level_reg/Q
                         net (fo=2, routed)           2.032     3.639    nrz_out_OBUF
    U16                  OBUF (Prop_obuf_I_O)         1.206     4.845 r  nrz_out_OBUF_inst/O
                         net (fo=0)                   0.000     4.845    nrz_out
    U16                                                               r  nrz_out (OUT)
  -------------------------------------------------------------------    -------------------





--------------------------------------------------------------------------------------
Path Group:  (none)
From Clock:  
  To Clock:  sys_clk_pin

Max Delay            32 Endpoints
Min Delay            32 Endpoints
--------------------------------------------------------------------------------------


Max Delay Paths
--------------------------------------------------------------------------------------
Slack:                    inf
  Source:                 data_in[3]
                            (input port)
  Destination:            level_reg/D
                            (rising edge-triggered cell FDCE clocked by sys_clk_pin  {rise@0.000ns fall@5.000ns period=10.000ns})
  Path Group:             (none)
  Path Type:              Setup (Max at Slow Process Corner)
  Data Path Delay:        8.288ns  (logic 2.230ns (26.913%)  route 6.057ns (73.087%))
  Logic Levels:           5  (IBUF=1 LUT6=2 MUXF7=1 MUXF8=1)
  Clock Path Skew:        4.836ns (DCD - SCD + CPR)
    Destination Clock Delay (DCD):    4.836ns
    Source Clock Delay      (SCD):    0.000ns
    Clock Pessimism Removal (CPR):    0.000ns
  Clock Uncertainty:      0.025ns  ((TSJ^2 + TIJ^2)^1/2 + DJ) / 2 + PE
    Total System Jitter     (TSJ):    0.050ns
    Total Input Jitter      (TIJ):    0.000ns
    Discrete Jitter          (DJ):    0.000ns
    Phase Error              (PE):    0.000ns

    Location             Delay type                Incr(ns)  Path(ns)    Netlist Resource(s)
  -------------------------------------------------------------------    -------------------
    W17                                               0.000     0.000 r  data_in[3] (IN)
                         net (fo=0)                   0.000     0.000    data_in[3]
    W17                  IBUF (Prop_ibuf_I_O)         1.448     1.448 r  data_in_IBUF[3]_inst/O
                         net (fo=1, routed)           4.250     5.699    data_in_IBUF[3]
    SLICE_X64Y44         LUT6 (Prop_lut6_I0_O)        0.124     5.823 r  level_i_9/O
                         net (fo=1, routed)           0.000     5.823    level_i_9_n_0
    SLICE_X64Y44         MUXF7 (Prop_muxf7_I0_O)      0.241     6.064 r  level_reg_i_7/O
                         net (fo=1, routed)           0.000     6.064    level_reg_i_7_n_0
    SLICE_X64Y44         MUXF8 (Prop_muxf8_I0_O)      0.098     6.162 r  level_reg_i_2/O
                         net (fo=1, routed)           1.807     7.969    level_reg_i_2_n_0
    SLICE_X63Y72         LUT6 (Prop_lut6_I0_O)        0.319     8.288 r  level_i_1/O
                         net (fo=1, routed)           0.000     8.288    level_i_1_n_0
    SLICE_X63Y72         FDCE                                         r  level_reg/D
  -------------------------------------------------------------------    -------------------

                         (clock sys_clk_pin rise edge)
                                                      0.000     0.000 r  
    W5                                                0.000     0.000 r  clk (IN)
                         net (fo=0)                   0.000     0.000    clk
    W5                   IBUF (Prop_ibuf_I_O)         1.388     1.388 r  clk_IBUF_inst/O
                         net (fo=1, routed)           1.862     3.250    clk_IBUF
    BUFGCTRL_X0Y0        BUFG (Prop_bufg_I_O)         0.091     3.341 r  clk_IBUF_BUFG_inst/O
                         net (fo=31, routed)          1.495     4.836    clk_IBUF_BUFG
    SLICE_X63Y72         FDCE                                         r  level_reg/C

Slack:                    inf
  Source:                 rst
                            (input port)
  Destination:            clk_counter_reg[22]/CLR
                            (recovery check against rising-edge clock sys_clk_pin  {rise@0.000ns fall@5.000ns period=10.000ns})
  Path Group:             (none)
  Path Type:              Recovery (Max at Slow Process Corner)
  Data Path Delay:        6.668ns  (logic 1.441ns (21.615%)  route 5.227ns (78.385%))
  Logic Levels:           1  (IBUF=1)
  Clock Path Skew:        4.833ns (DCD - SCD + CPR)
    Destination Clock Delay (DCD):    4.833ns
    Source Clock Delay      (SCD):    0.000ns
    Clock Pessimism Removal (CPR):    0.000ns
  Clock Uncertainty:      0.025ns  ((TSJ^2 + TIJ^2)^1/2 + DJ) / 2 + PE
    Total System Jitter     (TSJ):    0.050ns
    Total Input Jitter      (TIJ):    0.000ns
    Discrete Jitter          (DJ):    0.000ns
    Phase Error              (PE):    0.000ns

    Location             Delay type                Incr(ns)  Path(ns)    Netlist Resource(s)
  -------------------------------------------------------------------    -------------------
    U18                                               0.000     0.000 f  rst (IN)
                         net (fo=0)                   0.000     0.000    rst
    U18                  IBUF (Prop_ibuf_I_O)         1.441     1.441 f  rst_IBUF_inst/O
                         net (fo=31, routed)          5.227     6.668    rst_IBUF
    SLICE_X63Y75         FDCE                                         f  clk_counter_reg[22]/CLR
  -------------------------------------------------------------------    -------------------

                         (clock sys_clk_pin rise edge)
                                                      0.000     0.000 r  
    W5                                                0.000     0.000 r  clk (IN)
                         net (fo=0)                   0.000     0.000    clk
    W5                   IBUF (Prop_ibuf_I_O)         1.388     1.388 r  clk_IBUF_inst/O
                         net (fo=1, routed)           1.862     3.250    clk_IBUF
    BUFGCTRL_X0Y0        BUFG (Prop_bufg_I_O)         0.091     3.341 r  clk_IBUF_BUFG_inst/O
                         net (fo=31, routed)          1.492     4.833    clk_IBUF_BUFG
    SLICE_X63Y75         FDCE                                         r  clk_counter_reg[22]/C

Slack:                    inf
  Source:                 rst
                            (input port)
  Destination:            clk_counter_reg[23]/CLR
                            (recovery check against rising-edge clock sys_clk_pin  {rise@0.000ns fall@5.000ns period=10.000ns})
  Path Group:             (none)
  Path Type:              Recovery (Max at Slow Process Corner)
  Data Path Delay:        6.668ns  (logic 1.441ns (21.615%)  route 5.227ns (78.385%))
  Logic Levels:           1  (IBUF=1)
  Clock Path Skew:        4.833ns (DCD - SCD + CPR)
    Destination Clock Delay (DCD):    4.833ns
    Source Clock Delay      (SCD):    0.000ns
    Clock Pessimism Removal (CPR):    0.000ns
  Clock Uncertainty:      0.025ns  ((TSJ^2 + TIJ^2)^1/2 + DJ) / 2 + PE
    Total System Jitter     (TSJ):    0.050ns
    Total Input Jitter      (TIJ):    0.000ns
    Discrete Jitter          (DJ):    0.000ns
    Phase Error              (PE):    0.000ns

    Location             Delay type                Incr(ns)  Path(ns)    Netlist Resource(s)
  -------------------------------------------------------------------    -------------------
    U18                                               0.000     0.000 f  rst (IN)
                         net (fo=0)                   0.000     0.000    rst
    U18                  IBUF (Prop_ibuf_I_O)         1.441     1.441 f  rst_IBUF_inst/O
                         net (fo=31, routed)          5.227     6.668    rst_IBUF
    SLICE_X63Y75         FDCE                                         f  clk_counter_reg[23]/CLR
  -------------------------------------------------------------------    -------------------

                         (clock sys_clk_pin rise edge)
                                                      0.000     0.000 r  
    W5                                                0.000     0.000 r  clk (IN)
                         net (fo=0)                   0.000     0.000    clk
    W5                   IBUF (Prop_ibuf_I_O)         1.388     1.388 r  clk_IBUF_inst/O
                         net (fo=1, routed)           1.862     3.250    clk_IBUF
    BUFGCTRL_X0Y0        BUFG (Prop_bufg_I_O)         0.091     3.341 r  clk_IBUF_BUFG_inst/O
                         net (fo=31, routed)          1.492     4.833    clk_IBUF_BUFG
    SLICE_X63Y75         FDCE                                         r  clk_counter_reg[23]/C

Slack:                    inf
  Source:                 rst
                            (input port)
  Destination:            clk_counter_reg[24]/CLR
                            (recovery check against rising-edge clock sys_clk_pin  {rise@0.000ns fall@5.000ns period=10.000ns})
  Path Group:             (none)
  Path Type:              Recovery (Max at Slow Process Corner)
  Data Path Delay:        6.668ns  (logic 1.441ns (21.615%)  route 5.227ns (78.385%))
  Logic Levels:           1  (IBUF=1)
  Clock Path Skew:        4.833ns (DCD - SCD + CPR)
    Destination Clock Delay (DCD):    4.833ns
    Source Clock Delay      (SCD):    0.000ns
    Clock Pessimism Removal (CPR):    0.000ns
  Clock Uncertainty:      0.025ns  ((TSJ^2 + TIJ^2)^1/2 + DJ) / 2 + PE
    Total System Jitter     (TSJ):    0.050ns
    Total Input Jitter      (TIJ):    0.000ns
    Discrete Jitter          (DJ):    0.000ns
    Phase Error              (PE):    0.000ns

    Location             Delay type                Incr(ns)  Path(ns)    Netlist Resource(s)
  -------------------------------------------------------------------    -------------------
    U18                                               0.000     0.000 f  rst (IN)
                         net (fo=0)                   0.000     0.000    rst
    U18                  IBUF (Prop_ibuf_I_O)         1.441     1.441 f  rst_IBUF_inst/O
                         net (fo=31, routed)          5.227     6.668    rst_IBUF
    SLICE_X63Y75         FDCE                                         f  clk_counter_reg[24]/CLR
  -------------------------------------------------------------------    -------------------

                         (clock sys_clk_pin rise edge)
                                                      0.000     0.000 r  
    W5                                                0.000     0.000 r  clk (IN)
                         net (fo=0)                   0.000     0.000    clk
    W5                   IBUF (Prop_ibuf_I_O)         1.388     1.388 r  clk_IBUF_inst/O
                         net (fo=1, routed)           1.862     3.250    clk_IBUF
    BUFGCTRL_X0Y0        BUFG (Prop_bufg_I_O)         0.091     3.341 r  clk_IBUF_BUFG_inst/O
                         net (fo=31, routed)          1.492     4.833    clk_IBUF_BUFG
    SLICE_X63Y75         FDCE                                         r  clk_counter_reg[24]/C

Slack:                    inf
  Source:                 rst
                            (input port)
  Destination:            clk_counter_reg[25]/CLR
                            (recovery check against rising-edge clock sys_clk_pin  {rise@0.000ns fall@5.000ns period=10.000ns})
  Path Group:             (none)
  Path Type:              Recovery (Max at Slow Process Corner)
  Data Path Delay:        6.668ns  (logic 1.441ns (21.615%)  route 5.227ns (78.385%))
  Logic Levels:           1  (IBUF=1)
  Clock Path Skew:        4.833ns (DCD - SCD + CPR)
    Destination Clock Delay (DCD):    4.833ns
    Source Clock Delay      (SCD):    0.000ns
    Clock Pessimism Removal (CPR):    0.000ns
  Clock Uncertainty:      0.025ns  ((TSJ^2 + TIJ^2)^1/2 + DJ) / 2 + PE
    Total System Jitter     (TSJ):    0.050ns
    Total Input Jitter      (TIJ):    0.000ns
    Discrete Jitter          (DJ):    0.000ns
    Phase Error              (PE):    0.000ns

    Location             Delay type                Incr(ns)  Path(ns)    Netlist Resource(s)
  -------------------------------------------------------------------    -------------------
    U18                                               0.000     0.000 f  rst (IN)
                         net (fo=0)                   0.000     0.000    rst
    U18                  IBUF (Prop_ibuf_I_O)         1.441     1.441 f  rst_IBUF_inst/O
                         net (fo=31, routed)          5.227     6.668    rst_IBUF
    SLICE_X63Y75         FDCE                                         f  clk_counter_reg[25]/CLR
  -------------------------------------------------------------------    -------------------

                         (clock sys_clk_pin rise edge)
                                                      0.000     0.000 r  
    W5                                                0.000     0.000 r  clk (IN)
                         net (fo=0)                   0.000     0.000    clk
    W5                   IBUF (Prop_ibuf_I_O)         1.388     1.388 r  clk_IBUF_inst/O
                         net (fo=1, routed)           1.862     3.250    clk_IBUF
    BUFGCTRL_X0Y0        BUFG (Prop_bufg_I_O)         0.091     3.341 r  clk_IBUF_BUFG_inst/O
                         net (fo=31, routed)          1.492     4.833    clk_IBUF_BUFG
    SLICE_X63Y75         FDCE                                         r  clk_counter_reg[25]/C

Slack:                    inf
  Source:                 rst
                            (input port)
  Destination:            clk_counter_reg[14]/CLR
                            (recovery check against rising-edge clock sys_clk_pin  {rise@0.000ns fall@5.000ns period=10.000ns})
  Path Group:             (none)
  Path Type:              Recovery (Max at Slow Process Corner)
  Data Path Delay:        6.502ns  (logic 1.441ns (22.166%)  route 5.061ns (77.834%))
  Logic Levels:           1  (IBUF=1)
  Clock Path Skew:        4.833ns (DCD - SCD + CPR)
    Destination Clock Delay (DCD):    4.833ns
    Source Clock Delay      (SCD):    0.000ns
    Clock Pessimism Removal (CPR):    0.000ns
  Clock Uncertainty:      0.025ns  ((TSJ^2 + TIJ^2)^1/2 + DJ) / 2 + PE
    Total System Jitter     (TSJ):    0.050ns
    Total Input Jitter      (TIJ):    0.000ns
    Discrete Jitter          (DJ):    0.000ns
    Phase Error              (PE):    0.000ns

    Location             Delay type                Incr(ns)  Path(ns)    Netlist Resource(s)
  -------------------------------------------------------------------    -------------------
    U18                                               0.000     0.000 f  rst (IN)
                         net (fo=0)                   0.000     0.000    rst
    U18                  IBUF (Prop_ibuf_I_O)         1.441     1.441 f  rst_IBUF_inst/O
                         net (fo=31, routed)          5.061     6.502    rst_IBUF
    SLICE_X63Y74         FDCE                                         f  clk_counter_reg[14]/CLR
  -------------------------------------------------------------------    -------------------

                         (clock sys_clk_pin rise edge)
                                                      0.000     0.000 r  
    W5                                                0.000     0.000 r  clk (IN)
                         net (fo=0)                   0.000     0.000    clk
    W5                   IBUF (Prop_ibuf_I_O)         1.388     1.388 r  clk_IBUF_inst/O
                         net (fo=1, routed)           1.862     3.250    clk_IBUF
    BUFGCTRL_X0Y0        BUFG (Prop_bufg_I_O)         0.091     3.341 r  clk_IBUF_BUFG_inst/O
                         net (fo=31, routed)          1.492     4.833    clk_IBUF_BUFG
    SLICE_X63Y74         FDCE                                         r  clk_counter_reg[14]/C

Slack:                    inf
  Source:                 rst
                            (input port)
  Destination:            clk_counter_reg[17]/CLR
                            (recovery check against rising-edge clock sys_clk_pin  {rise@0.000ns fall@5.000ns period=10.000ns})
  Path Group:             (none)
  Path Type:              Recovery (Max at Slow Process Corner)
  Data Path Delay:        6.502ns  (logic 1.441ns (22.166%)  route 5.061ns (77.834%))
  Logic Levels:           1  (IBUF=1)
  Clock Path Skew:        4.833ns (DCD - SCD + CPR)
    Destination Clock Delay (DCD):    4.833ns
    Source Clock Delay      (SCD):    0.000ns
    Clock Pessimism Removal (CPR):    0.000ns
  Clock Uncertainty:      0.025ns  ((TSJ^2 + TIJ^2)^1/2 + DJ) / 2 + PE
    Total System Jitter     (TSJ):    0.050ns
    Total Input Jitter      (TIJ):    0.000ns
    Discrete Jitter          (DJ):    0.000ns
    Phase Error              (PE):    0.000ns

    Location             Delay type                Incr(ns)  Path(ns)    Netlist Resource(s)
  -------------------------------------------------------------------    -------------------
    U18                                               0.000     0.000 f  rst (IN)
                         net (fo=0)                   0.000     0.000    rst
    U18                  IBUF (Prop_ibuf_I_O)         1.441     1.441 f  rst_IBUF_inst/O
                         net (fo=31, routed)          5.061     6.502    rst_IBUF
    SLICE_X63Y74         FDCE                                         f  clk_counter_reg[17]/CLR
  -------------------------------------------------------------------    -------------------

                         (clock sys_clk_pin rise edge)
                                                      0.000     0.000 r  
    W5                                                0.000     0.000 r  clk (IN)
                         net (fo=0)                   0.000     0.000    clk
    W5                   IBUF (Prop_ibuf_I_O)         1.388     1.388 r  clk_IBUF_inst/O
                         net (fo=1, routed)           1.862     3.250    clk_IBUF
    BUFGCTRL_X0Y0        BUFG (Prop_bufg_I_O)         0.091     3.341 r  clk_IBUF_BUFG_inst/O
                         net (fo=31, routed)          1.492     4.833    clk_IBUF_BUFG
    SLICE_X63Y74         FDCE                                         r  clk_counter_reg[17]/C

Slack:                    inf
  Source:                 rst
                            (input port)
  Destination:            clk_counter_reg[18]/CLR
                            (recovery check against rising-edge clock sys_clk_pin  {rise@0.000ns fall@5.000ns period=10.000ns})
  Path Group:             (none)
  Path Type:              Recovery (Max at Slow Process Corner)
  Data Path Delay:        6.502ns  (logic 1.441ns (22.166%)  route 5.061ns (77.834%))
  Logic Levels:           1  (IBUF=1)
  Clock Path Skew:        4.833ns (DCD - SCD + CPR)
    Destination Clock Delay (DCD):    4.833ns
    Source Clock Delay      (SCD):    0.000ns
    Clock Pessimism Removal (CPR):    0.000ns
  Clock Uncertainty:      0.025ns  ((TSJ^2 + TIJ^2)^1/2 + DJ) / 2 + PE
    Total System Jitter     (TSJ):    0.050ns
    Total Input Jitter      (TIJ):    0.000ns
    Discrete Jitter          (DJ):    0.000ns
    Phase Error              (PE):    0.000ns

    Location             Delay type                Incr(ns)  Path(ns)    Netlist Resource(s)
  -------------------------------------------------------------------    -------------------
    U18                                               0.000     0.000 f  rst (IN)
                         net (fo=0)                   0.000     0.000    rst
    U18                  IBUF (Prop_ibuf_I_O)         1.441     1.441 f  rst_IBUF_inst/O
                         net (fo=31, routed)          5.061     6.502    rst_IBUF
    SLICE_X63Y74         FDCE                                         f  clk_counter_reg[18]/CLR
  -------------------------------------------------------------------    -------------------

                         (clock sys_clk_pin rise edge)
                                                      0.000     0.000 r  
    W5                                                0.000     0.000 r  clk (IN)
                         net (fo=0)                   0.000     0.000    clk
    W5                   IBUF (Prop_ibuf_I_O)         1.388     1.388 r  clk_IBUF_inst/O
                         net (fo=1, routed)           1.862     3.250    clk_IBUF
    BUFGCTRL_X0Y0        BUFG (Prop_bufg_I_O)         0.091     3.341 r  clk_IBUF_BUFG_inst/O
                         net (fo=31, routed)          1.492     4.833    clk_IBUF_BUFG
    SLICE_X63Y74         FDCE                                         r  clk_counter_reg[18]/C

Slack:                    inf
  Source:                 rst
                            (input port)
  Destination:            clk_counter_reg[19]/CLR
                            (recovery check against rising-edge clock sys_clk_pin  {rise@0.000ns fall@5.000ns period=10.000ns})
  Path Group:             (none)
  Path Type:              Recovery (Max at Slow Process Corner)
  Data Path Delay:        6.502ns  (logic 1.441ns (22.166%)  route 5.061ns (77.834%))
  Logic Levels:           1  (IBUF=1)
  Clock Path Skew:        4.833ns (DCD - SCD + CPR)
    Destination Clock Delay (DCD):    4.833ns
    Source Clock Delay      (SCD):    0.000ns
    Clock Pessimism Removal (CPR):    0.000ns
  Clock Uncertainty:      0.025ns  ((TSJ^2 + TIJ^2)^1/2 + DJ) / 2 + PE
    Total System Jitter     (TSJ):    0.050ns
    Total Input Jitter      (TIJ):    0.000ns
    Discrete Jitter          (DJ):    0.000ns
    Phase Error              (PE):    0.000ns

    Location             Delay type                Incr(ns)  Path(ns)    Netlist Resource(s)
  -------------------------------------------------------------------    -------------------
    U18                                               0.000     0.000 f  rst (IN)
                         net (fo=0)                   0.000     0.000    rst
    U18                  IBUF (Prop_ibuf_I_O)         1.441     1.441 f  rst_IBUF_inst/O
                         net (fo=31, routed)          5.061     6.502    rst_IBUF
    SLICE_X63Y74         FDCE                                         f  clk_counter_reg[19]/CLR
  -------------------------------------------------------------------    -------------------

                         (clock sys_clk_pin rise edge)
                                                      0.000     0.000 r  
    W5                                                0.000     0.000 r  clk (IN)
                         net (fo=0)                   0.000     0.000    clk
    W5                   IBUF (Prop_ibuf_I_O)         1.388     1.388 r  clk_IBUF_inst/O
                         net (fo=1, routed)           1.862     3.250    clk_IBUF
    BUFGCTRL_X0Y0        BUFG (Prop_bufg_I_O)         0.091     3.341 r  clk_IBUF_BUFG_inst/O
                         net (fo=31, routed)          1.492     4.833    clk_IBUF_BUFG
    SLICE_X63Y74         FDCE                                         r  clk_counter_reg[19]/C

Slack:                    inf
  Source:                 rst
                            (input port)
  Destination:            clk_counter_reg[20]/CLR
                            (recovery check against rising-edge clock sys_clk_pin  {rise@0.000ns fall@5.000ns period=10.000ns})
  Path Group:             (none)
  Path Type:              Recovery (Max at Slow Process Corner)
  Data Path Delay:        6.502ns  (logic 1.441ns (22.166%)  route 5.061ns (77.834%))
  Logic Levels:           1  (IBUF=1)
  Clock Path Skew:        4.833ns (DCD - SCD + CPR)
    Destination Clock Delay (DCD):    4.833ns
    Source Clock Delay      (SCD):    0.000ns
    Clock Pessimism Removal (CPR):    0.000ns
  Clock Uncertainty:      0.025ns  ((TSJ^2 + TIJ^2)^1/2 + DJ) / 2 + PE
    Total System Jitter     (TSJ):    0.050ns
    Total Input Jitter      (TIJ):    0.000ns
    Discrete Jitter          (DJ):    0.000ns
    Phase Error              (PE):    0.000ns

    Location             Delay type                Incr(ns)  Path(ns)    Netlist Resource(s)
  -------------------------------------------------------------------    -------------------
    U18                                               0.000     0.000 f  rst (IN)
                         net (fo=0)                   0.000     0.000    rst
    U18                  IBUF (Prop_ibuf_I_O)         1.441     1.441 f  rst_IBUF_inst/O
                         net (fo=31, routed)          5.061     6.502    rst_IBUF
    SLICE_X63Y74         FDCE                                         f  clk_counter_reg[20]/CLR
  -------------------------------------------------------------------    -------------------

                         (clock sys_clk_pin rise edge)
                                                      0.000     0.000 r  
    W5                                                0.000     0.000 r  clk (IN)
                         net (fo=0)                   0.000     0.000    clk
    W5                   IBUF (Prop_ibuf_I_O)         1.388     1.388 r  clk_IBUF_inst/O
                         net (fo=1, routed)           1.862     3.250    clk_IBUF
    BUFGCTRL_X0Y0        BUFG (Prop_bufg_I_O)         0.091     3.341 r  clk_IBUF_BUFG_inst/O
                         net (fo=31, routed)          1.492     4.833    clk_IBUF_BUFG
    SLICE_X63Y74         FDCE                                         r  clk_counter_reg[20]/C





Min Delay Paths
--------------------------------------------------------------------------------------
Slack:                    inf
  Source:                 data_in[14]
                            (input port)
  Destination:            level_reg/D
                            (rising edge-triggered cell FDCE clocked by sys_clk_pin  {rise@0.000ns fall@5.000ns period=10.000ns})
  Path Group:             (none)
  Path Type:              Hold (Min at Fast Process Corner)
  Data Path Delay:        1.568ns  (logic 0.462ns (29.480%)  route 1.106ns (70.520%))
  Logic Levels:           5  (IBUF=1 LUT6=2 MUXF7=1 MUXF8=1)
  Clock Path Skew:        1.978ns (DCD - SCD - CPR)
    Destination Clock Delay (DCD):    1.978ns
    Source Clock Delay      (SCD):    0.000ns
    Clock Pessimism Removal (CPR):    -0.000ns

    Location             Delay type                Incr(ns)  Path(ns)    Netlist Resource(s)
  -------------------------------------------------------------------    -------------------
    T1                                                0.000     0.000 r  data_in[14] (IN)
                         net (fo=0)                   0.000     0.000    data_in[14]
    T1                   IBUF (Prop_ibuf_I_O)         0.223     0.223 r  data_in_IBUF[14]_inst/O
                         net (fo=1, routed)           0.403     0.626    data_in_IBUF[14]
    SLICE_X64Y44         LUT6 (Prop_lut6_I5_O)        0.045     0.671 r  level_i_11/O
                         net (fo=1, routed)           0.000     0.671    level_i_11_n_0
    SLICE_X64Y44         MUXF7 (Prop_muxf7_I0_O)      0.062     0.733 r  level_reg_i_8/O
                         net (fo=1, routed)           0.000     0.733    level_reg_i_8_n_0
    SLICE_X64Y44         MUXF8 (Prop_muxf8_I1_O)      0.019     0.752 r  level_reg_i_2/O
                         net (fo=1, routed)           0.703     1.455    level_reg_i_2_n_0
    SLICE_X63Y72         LUT6 (Prop_lut6_I0_O)        0.113     1.568 r  level_i_1/O
                         net (fo=1, routed)           0.000     1.568    level_i_1_n_0
    SLICE_X63Y72         FDCE                                         r  level_reg/D
  -------------------------------------------------------------------    -------------------

                         (clock sys_clk_pin rise edge)
                                                      0.000     0.000 r  
    W5                                                0.000     0.000 r  clk (IN)
                         net (fo=0)                   0.000     0.000    clk
    W5                   IBUF (Prop_ibuf_I_O)         0.414     0.414 r  clk_IBUF_inst/O
                         net (fo=1, routed)           0.685     1.099    clk_IBUF
    BUFGCTRL_X0Y0        BUFG (Prop_bufg_I_O)         0.029     1.128 r  clk_IBUF_BUFG_inst/O
                         net (fo=31, routed)          0.850     1.978    clk_IBUF_BUFG
    SLICE_X63Y72         FDCE                                         r  level_reg/C

Slack:                    inf
  Source:                 rst
                            (input port)
  Destination:            bit_index_reg[2]/CLR
                            (removal check against rising-edge clock sys_clk_pin  {rise@0.000ns fall@5.000ns period=10.000ns})
  Path Group:             (none)
  Path Type:              Removal (Min at Fast Process Corner)
  Data Path Delay:        2.069ns  (logic 0.210ns (10.127%)  route 1.859ns (89.873%))
  Logic Levels:           1  (IBUF=1)
  Clock Path Skew:        1.989ns (DCD - SCD - CPR)
    Destination Clock Delay (DCD):    1.989ns
    Source Clock Delay      (SCD):    0.000ns
    Clock Pessimism Removal (CPR):    -0.000ns

    Location             Delay type                Incr(ns)  Path(ns)    Netlist Resource(s)
  -------------------------------------------------------------------    -------------------
    U18                                               0.000     0.000 f  rst (IN)
                         net (fo=0)                   0.000     0.000    rst
    U18                  IBUF (Prop_ibuf_I_O)         0.210     0.210 f  rst_IBUF_inst/O
                         net (fo=31, routed)          1.859     2.069    rst_IBUF
    SLICE_X64Y61         FDCE                                         f  bit_index_reg[2]/CLR
  -------------------------------------------------------------------    -------------------

                         (clock sys_clk_pin rise edge)
                                                      0.000     0.000 r  
    W5                                                0.000     0.000 r  clk (IN)
                         net (fo=0)                   0.000     0.000    clk
    W5                   IBUF (Prop_ibuf_I_O)         0.414     0.414 r  clk_IBUF_inst/O
                         net (fo=1, routed)           0.685     1.099    clk_IBUF
    BUFGCTRL_X0Y0        BUFG (Prop_bufg_I_O)         0.029     1.128 r  clk_IBUF_BUFG_inst/O
                         net (fo=31, routed)          0.861     1.989    clk_IBUF_BUFG
    SLICE_X64Y61         FDCE                                         r  bit_index_reg[2]/C

Slack:                    inf
  Source:                 rst
                            (input port)
  Destination:            bit_index_reg[3]/CLR
                            (removal check against rising-edge clock sys_clk_pin  {rise@0.000ns fall@5.000ns period=10.000ns})
  Path Group:             (none)
  Path Type:              Removal (Min at Fast Process Corner)
  Data Path Delay:        2.069ns  (logic 0.210ns (10.127%)  route 1.859ns (89.873%))
  Logic Levels:           1  (IBUF=1)
  Clock Path Skew:        1.989ns (DCD - SCD - CPR)
    Destination Clock Delay (DCD):    1.989ns
    Source Clock Delay      (SCD):    0.000ns
    Clock Pessimism Removal (CPR):    -0.000ns

    Location             Delay type                Incr(ns)  Path(ns)    Netlist Resource(s)
  -------------------------------------------------------------------    -------------------
    U18                                               0.000     0.000 f  rst (IN)
                         net (fo=0)                   0.000     0.000    rst
    U18                  IBUF (Prop_ibuf_I_O)         0.210     0.210 f  rst_IBUF_inst/O
                         net (fo=31, routed)          1.859     2.069    rst_IBUF
    SLICE_X64Y61         FDCE                                         f  bit_index_reg[3]/CLR
  -------------------------------------------------------------------    -------------------

                         (clock sys_clk_pin rise edge)
                                                      0.000     0.000 r  
    W5                                                0.000     0.000 r  clk (IN)
                         net (fo=0)                   0.000     0.000    clk
    W5                   IBUF (Prop_ibuf_I_O)         0.414     0.414 r  clk_IBUF_inst/O
                         net (fo=1, routed)           0.685     1.099    clk_IBUF
    BUFGCTRL_X0Y0        BUFG (Prop_bufg_I_O)         0.029     1.128 r  clk_IBUF_BUFG_inst/O
                         net (fo=31, routed)          0.861     1.989    clk_IBUF_BUFG
    SLICE_X64Y61         FDCE                                         r  bit_index_reg[3]/C

Slack:                    inf
  Source:                 rst
                            (input port)
  Destination:            clk_counter_reg[1]/CLR
                            (removal check against rising-edge clock sys_clk_pin  {rise@0.000ns fall@5.000ns period=10.000ns})
  Path Group:             (none)
  Path Type:              Removal (Min at Fast Process Corner)
  Data Path Delay:        2.232ns  (logic 0.210ns (9.389%)  route 2.022ns (90.611%))
  Logic Levels:           1  (IBUF=1)
  Clock Path Skew:        1.980ns (DCD - SCD - CPR)
    Destination Clock Delay (DCD):    1.980ns
    Source Clock Delay      (SCD):    0.000ns
    Clock Pessimism Removal (CPR):    -0.000ns

    Location             Delay type                Incr(ns)  Path(ns)    Netlist Resource(s)
  -------------------------------------------------------------------    -------------------
    U18                                               0.000     0.000 f  rst (IN)
                         net (fo=0)                   0.000     0.000    rst
    U18                  IBUF (Prop_ibuf_I_O)         0.210     0.210 f  rst_IBUF_inst/O
                         net (fo=31, routed)          2.022     2.232    rst_IBUF
    SLICE_X63Y70         FDCE                                         f  clk_counter_reg[1]/CLR
  -------------------------------------------------------------------    -------------------

                         (clock sys_clk_pin rise edge)
                                                      0.000     0.000 r  
    W5                                                0.000     0.000 r  clk (IN)
                         net (fo=0)                   0.000     0.000    clk
    W5                   IBUF (Prop_ibuf_I_O)         0.414     0.414 r  clk_IBUF_inst/O
                         net (fo=1, routed)           0.685     1.099    clk_IBUF
    BUFGCTRL_X0Y0        BUFG (Prop_bufg_I_O)         0.029     1.128 r  clk_IBUF_BUFG_inst/O
                         net (fo=31, routed)          0.852     1.980    clk_IBUF_BUFG
    SLICE_X63Y70         FDCE                                         r  clk_counter_reg[1]/C

Slack:                    inf
  Source:                 rst
                            (input port)
  Destination:            clk_counter_reg[2]/CLR
                            (removal check against rising-edge clock sys_clk_pin  {rise@0.000ns fall@5.000ns period=10.000ns})
  Path Group:             (none)
  Path Type:              Removal (Min at Fast Process Corner)
  Data Path Delay:        2.232ns  (logic 0.210ns (9.389%)  route 2.022ns (90.611%))
  Logic Levels:           1  (IBUF=1)
  Clock Path Skew:        1.980ns (DCD - SCD - CPR)
    Destination Clock Delay (DCD):    1.980ns
    Source Clock Delay      (SCD):    0.000ns
    Clock Pessimism Removal (CPR):    -0.000ns

    Location             Delay type                Incr(ns)  Path(ns)    Netlist Resource(s)
  -------------------------------------------------------------------    -------------------
    U18                                               0.000     0.000 f  rst (IN)
                         net (fo=0)                   0.000     0.000    rst
    U18                  IBUF (Prop_ibuf_I_O)         0.210     0.210 f  rst_IBUF_inst/O
                         net (fo=31, routed)          2.022     2.232    rst_IBUF
    SLICE_X63Y70         FDCE                                         f  clk_counter_reg[2]/CLR
  -------------------------------------------------------------------    -------------------

                         (clock sys_clk_pin rise edge)
                                                      0.000     0.000 r  
    W5                                                0.000     0.000 r  clk (IN)
                         net (fo=0)                   0.000     0.000    clk
    W5                   IBUF (Prop_ibuf_I_O)         0.414     0.414 r  clk_IBUF_inst/O
                         net (fo=1, routed)           0.685     1.099    clk_IBUF
    BUFGCTRL_X0Y0        BUFG (Prop_bufg_I_O)         0.029     1.128 r  clk_IBUF_BUFG_inst/O
                         net (fo=31, routed)          0.852     1.980    clk_IBUF_BUFG
    SLICE_X63Y70         FDCE                                         r  clk_counter_reg[2]/C

Slack:                    inf
  Source:                 rst
                            (input port)
  Destination:            clk_counter_reg[3]/CLR
                            (removal check against rising-edge clock sys_clk_pin  {rise@0.000ns fall@5.000ns period=10.000ns})
  Path Group:             (none)
  Path Type:              Removal (Min at Fast Process Corner)
  Data Path Delay:        2.232ns  (logic 0.210ns (9.389%)  route 2.022ns (90.611%))
  Logic Levels:           1  (IBUF=1)
  Clock Path Skew:        1.980ns (DCD - SCD - CPR)
    Destination Clock Delay (DCD):    1.980ns
    Source Clock Delay      (SCD):    0.000ns
    Clock Pessimism Removal (CPR):    -0.000ns

    Location             Delay type                Incr(ns)  Path(ns)    Netlist Resource(s)
  -------------------------------------------------------------------    -------------------
    U18                                               0.000     0.000 f  rst (IN)
                         net (fo=0)                   0.000     0.000    rst
    U18                  IBUF (Prop_ibuf_I_O)         0.210     0.210 f  rst_IBUF_inst/O
                         net (fo=31, routed)          2.022     2.232    rst_IBUF
    SLICE_X63Y70         FDCE                                         f  clk_counter_reg[3]/CLR
  -------------------------------------------------------------------    -------------------

                         (clock sys_clk_pin rise edge)
                                                      0.000     0.000 r  
    W5                                                0.000     0.000 r  clk (IN)
                         net (fo=0)                   0.000     0.000    clk
    W5                   IBUF (Prop_ibuf_I_O)         0.414     0.414 r  clk_IBUF_inst/O
                         net (fo=1, routed)           0.685     1.099    clk_IBUF
    BUFGCTRL_X0Y0        BUFG (Prop_bufg_I_O)         0.029     1.128 r  clk_IBUF_BUFG_inst/O
                         net (fo=31, routed)          0.852     1.980    clk_IBUF_BUFG
    SLICE_X63Y70         FDCE                                         r  clk_counter_reg[3]/C

Slack:                    inf
  Source:                 rst
                            (input port)
  Destination:            clk_counter_reg[4]/CLR
                            (removal check against rising-edge clock sys_clk_pin  {rise@0.000ns fall@5.000ns period=10.000ns})
  Path Group:             (none)
  Path Type:              Removal (Min at Fast Process Corner)
  Data Path Delay:        2.305ns  (logic 0.210ns (9.091%)  route 2.095ns (90.909%))
  Logic Levels:           1  (IBUF=1)
  Clock Path Skew:        1.979ns (DCD - SCD - CPR)
    Destination Clock Delay (DCD):    1.979ns
    Source Clock Delay      (SCD):    0.000ns
    Clock Pessimism Removal (CPR):    -0.000ns

    Location             Delay type                Incr(ns)  Path(ns)    Netlist Resource(s)
  -------------------------------------------------------------------    -------------------
    U18                                               0.000     0.000 f  rst (IN)
                         net (fo=0)                   0.000     0.000    rst
    U18                  IBUF (Prop_ibuf_I_O)         0.210     0.210 f  rst_IBUF_inst/O
                         net (fo=31, routed)          2.095     2.305    rst_IBUF
    SLICE_X63Y71         FDCE                                         f  clk_counter_reg[4]/CLR
  -------------------------------------------------------------------    -------------------

                         (clock sys_clk_pin rise edge)
                                                      0.000     0.000 r  
    W5                                                0.000     0.000 r  clk (IN)
                         net (fo=0)                   0.000     0.000    clk
    W5                   IBUF (Prop_ibuf_I_O)         0.414     0.414 r  clk_IBUF_inst/O
                         net (fo=1, routed)           0.685     1.099    clk_IBUF
    BUFGCTRL_X0Y0        BUFG (Prop_bufg_I_O)         0.029     1.128 r  clk_IBUF_BUFG_inst/O
                         net (fo=31, routed)          0.851     1.979    clk_IBUF_BUFG
    SLICE_X63Y71         FDCE                                         r  clk_counter_reg[4]/C

Slack:                    inf
  Source:                 rst
                            (input port)
  Destination:            clk_counter_reg[5]/CLR
                            (removal check against rising-edge clock sys_clk_pin  {rise@0.000ns fall@5.000ns period=10.000ns})
  Path Group:             (none)
  Path Type:              Removal (Min at Fast Process Corner)
  Data Path Delay:        2.305ns  (logic 0.210ns (9.091%)  route 2.095ns (90.909%))
  Logic Levels:           1  (IBUF=1)
  Clock Path Skew:        1.979ns (DCD - SCD - CPR)
    Destination Clock Delay (DCD):    1.979ns
    Source Clock Delay      (SCD):    0.000ns
    Clock Pessimism Removal (CPR):    -0.000ns

    Location             Delay type                Incr(ns)  Path(ns)    Netlist Resource(s)
  -------------------------------------------------------------------    -------------------
    U18                                               0.000     0.000 f  rst (IN)
                         net (fo=0)                   0.000     0.000    rst
    U18                  IBUF (Prop_ibuf_I_O)         0.210     0.210 f  rst_IBUF_inst/O
                         net (fo=31, routed)          2.095     2.305    rst_IBUF
    SLICE_X63Y71         FDCE                                         f  clk_counter_reg[5]/CLR
  -------------------------------------------------------------------    -------------------

                         (clock sys_clk_pin rise edge)
                                                      0.000     0.000 r  
    W5                                                0.000     0.000 r  clk (IN)
                         net (fo=0)                   0.000     0.000    clk
    W5                   IBUF (Prop_ibuf_I_O)         0.414     0.414 r  clk_IBUF_inst/O
                         net (fo=1, routed)           0.685     1.099    clk_IBUF
    BUFGCTRL_X0Y0        BUFG (Prop_bufg_I_O)         0.029     1.128 r  clk_IBUF_BUFG_inst/O
                         net (fo=31, routed)          0.851     1.979    clk_IBUF_BUFG
    SLICE_X63Y71         FDCE                                         r  clk_counter_reg[5]/C

Slack:                    inf
  Source:                 rst
                            (input port)
  Destination:            clk_counter_reg[7]/CLR
                            (removal check against rising-edge clock sys_clk_pin  {rise@0.000ns fall@5.000ns period=10.000ns})
  Path Group:             (none)
  Path Type:              Removal (Min at Fast Process Corner)
  Data Path Delay:        2.305ns  (logic 0.210ns (9.091%)  route 2.095ns (90.909%))
  Logic Levels:           1  (IBUF=1)
  Clock Path Skew:        1.979ns (DCD - SCD - CPR)
    Destination Clock Delay (DCD):    1.979ns
    Source Clock Delay      (SCD):    0.000ns
    Clock Pessimism Removal (CPR):    -0.000ns

    Location             Delay type                Incr(ns)  Path(ns)    Netlist Resource(s)
  -------------------------------------------------------------------    -------------------
    U18                                               0.000     0.000 f  rst (IN)
                         net (fo=0)                   0.000     0.000    rst
    U18                  IBUF (Prop_ibuf_I_O)         0.210     0.210 f  rst_IBUF_inst/O
                         net (fo=31, routed)          2.095     2.305    rst_IBUF
    SLICE_X63Y71         FDCE                                         f  clk_counter_reg[7]/CLR
  -------------------------------------------------------------------    -------------------

                         (clock sys_clk_pin rise edge)
                                                      0.000     0.000 r  
    W5                                                0.000     0.000 r  clk (IN)
                         net (fo=0)                   0.000     0.000    clk
    W5                   IBUF (Prop_ibuf_I_O)         0.414     0.414 r  clk_IBUF_inst/O
                         net (fo=1, routed)           0.685     1.099    clk_IBUF
    BUFGCTRL_X0Y0        BUFG (Prop_bufg_I_O)         0.029     1.128 r  clk_IBUF_BUFG_inst/O
                         net (fo=31, routed)          0.851     1.979    clk_IBUF_BUFG
    SLICE_X63Y71         FDCE                                         r  clk_counter_reg[7]/C

Slack:                    inf
  Source:                 rst
                            (input port)
  Destination:            clk_counter_reg[8]/CLR
                            (removal check against rising-edge clock sys_clk_pin  {rise@0.000ns fall@5.000ns period=10.000ns})
  Path Group:             (none)
  Path Type:              Removal (Min at Fast Process Corner)
  Data Path Delay:        2.305ns  (logic 0.210ns (9.091%)  route 2.095ns (90.909%))
  Logic Levels:           1  (IBUF=1)
  Clock Path Skew:        1.979ns (DCD - SCD - CPR)
    Destination Clock Delay (DCD):    1.979ns
    Source Clock Delay      (SCD):    0.000ns
    Clock Pessimism Removal (CPR):    -0.000ns

    Location             Delay type                Incr(ns)  Path(ns)    Netlist Resource(s)
  -------------------------------------------------------------------    -------------------
    U18                                               0.000     0.000 f  rst (IN)
                         net (fo=0)                   0.000     0.000    rst
    U18                  IBUF (Prop_ibuf_I_O)         0.210     0.210 f  rst_IBUF_inst/O
                         net (fo=31, routed)          2.095     2.305    rst_IBUF
    SLICE_X63Y71         FDCE                                         f  clk_counter_reg[8]/CLR
  -------------------------------------------------------------------    -------------------

                         (clock sys_clk_pin rise edge)
                                                      0.000     0.000 r  
    W5                                                0.000     0.000 r  clk (IN)
                         net (fo=0)                   0.000     0.000    clk
    W5                   IBUF (Prop_ibuf_I_O)         0.414     0.414 r  clk_IBUF_inst/O
                         net (fo=1, routed)           0.685     1.099    clk_IBUF
    BUFGCTRL_X0Y0        BUFG (Prop_bufg_I_O)         0.029     1.128 r  clk_IBUF_BUFG_inst/O
                         net (fo=31, routed)          0.851     1.979    clk_IBUF_BUFG
    SLICE_X63Y71         FDCE                                         r  clk_counter_reg[8]/C





